-- PostgreSQL seed data generated from db/schemal.sql
-- Run after the PostgreSQL schema/migrations are created.
-- The insert order is dependency-aware to satisfy foreign keys.

BEGIN;

-- Users: 19 rows
INSERT INTO "Users" ("Id", "Username", "Email", "PasswordHash", "FullName", "AvatarUrl", "CoverImageUrl", "Bio", "Location", "Status", "Role", "IsVerified", "CreatedAt", "UpdatedAt") VALUES ('e2ffaeef-5187-4511-a7f3-174ce39ffc2a', 'alice_gamer', 'alice@ggzone.com', '$2a$11$O/k0GbkXlX2sbDXrCeYoBe/VjofMTkKTFqpjzOz2.nmrSx9lJ9CXi', 'Alice Nguyễn', 'https://i.pravatar.cc/150?img=1', NULL, 'Pro Valorant player | Streaming daily', 'Hà Nội, Vietnam', 'online', 'user', TRUE, TIMESTAMP '2025-12-05 17:11:58.163333', TIMESTAMP '2025-12-05 17:11:58.163333');
INSERT INTO "Users" ("Id", "Username", "Email", "PasswordHash", "FullName", "AvatarUrl", "CoverImageUrl", "Bio", "Location", "Status", "Role", "IsVerified", "CreatedAt", "UpdatedAt") VALUES ('7fea2a14-819d-43cb-b37c-23f3f6966ea5', 'mia_moderator', 'mia@ggzone.com', '$2a$11$O/k0GbkXlX2sbDXrCeYoBe/VjofMTkKTFqpjzOz2.nmrSx9lJ9CXi', 'Mia Hoàng', 'https://i.pravatar.cc/150?img=14', NULL, 'Community moderator | Helper', 'Hà Nội, Vietnam', 'online', 'moderator', TRUE, TIMESTAMP '2025-12-05 17:11:58.163333', TIMESTAMP '2025-12-05 17:11:58.163333');
INSERT INTO "Users" ("Id", "Username", "Email", "PasswordHash", "FullName", "AvatarUrl", "CoverImageUrl", "Bio", "Location", "Status", "Role", "IsVerified", "CreatedAt", "UpdatedAt") VALUES ('44f5fcd8-f943-42ea-ae13-3a3cd4f3e69c', 'admin_ggzone', 'admin@ggzone.com', '$2a$11$AjysPEPNl6q1r2mGtmoCLe8ir7AVKwNvFDBwAEGiC7zOsapn7bULy', 'Mạnh Huy', 'https://res.cloudinary.com/dkpyqplio/image/upload/v1766406001/ggzone/avatars/mob33xfydl9smqzc1xre.jpg', '', 'Official GGZone account', 'Vietnam', 'online', 'admin', TRUE, TIMESTAMP '2025-12-05 17:11:58.163333', TIMESTAMP '2025-12-22 23:11:35.396454');
INSERT INTO "Users" ("Id", "Username", "Email", "PasswordHash", "FullName", "AvatarUrl", "CoverImageUrl", "Bio", "Location", "Status", "Role", "IsVerified", "CreatedAt", "UpdatedAt") VALUES ('9642ed4d-193a-4472-b63f-55f0357e6336', 'bob_fps', 'bob@ggzone.com', '$2a$11$O/k0GbkXlX2sbDXrCeYoBe/VjofMTkKTFqpjzOz2.nmrSx9lJ9CXi', 'Bob Trần', 'https://i.pravatar.cc/150?img=2', NULL, 'FPS enthusiast | CS2 veteran', 'TP.HCM, Vietnam', 'in-game', 'user', TRUE, TIMESTAMP '2025-12-05 17:11:58.163333', TIMESTAMP '2025-12-05 17:11:58.163333');
INSERT INTO "Users" ("Id", "Username", "Email", "PasswordHash", "FullName", "AvatarUrl", "CoverImageUrl", "Bio", "Location", "Status", "Role", "IsVerified", "CreatedAt", "UpdatedAt") VALUES ('812b68c2-0641-4f8d-b1b4-6476f7037269', 'fiona_casual', 'fiona@ggzone.com', '$2a$11$O/k0GbkXlX2sbDXrCeYoBe/VjofMTkKTFqpjzOz2.nmrSx9lJ9CXi', 'Fiona Võ', 'https://i.pravatar.cc/150?img=7', NULL, 'Casual gamer | Love story games', 'TP.HCM, Vietnam', 'offline', 'user', TRUE, TIMESTAMP '2025-12-05 17:11:58.163333', TIMESTAMP '2025-12-05 17:11:58.163333');
INSERT INTO "Users" ("Id", "Username", "Email", "PasswordHash", "FullName", "AvatarUrl", "CoverImageUrl", "Bio", "Location", "Status", "Role", "IsVerified", "CreatedAt", "UpdatedAt") VALUES ('e72130fb-1619-4202-a79f-6604ade34f01', 'noah_developer', 'noah@ggzone.com', '$2a$11$O/k0GbkXlX2sbDXrCeYoBe/VjofMTkKTFqpjzOz2.nmrSx9lJ9CXi', 'Noah Lê', 'https://i.pravatar.cc/150?img=15', NULL, 'Game developer | Indie creator', 'TP.HCM, Vietnam', 'offline', 'user', TRUE, TIMESTAMP '2025-12-05 17:11:58.163333', TIMESTAMP '2025-12-05 17:11:58.163333');
INSERT INTO "Users" ("Id", "Username", "Email", "PasswordHash", "FullName", "AvatarUrl", "CoverImageUrl", "Bio", "Location", "Status", "Role", "IsVerified", "CreatedAt", "UpdatedAt") VALUES ('b6233ea7-a2ff-49ae-8c3a-6b305e720f58', 'diana_streamer', 'diana@ggzone.com', '$2a$11$O/k0GbkXlX2sbDXrCeYoBe/VjofMTkKTFqpjzOz2.nmrSx9lJ9CXi', 'Diana Phạm', 'https://i.pravatar.cc/150?img=4', NULL, 'Full-time streamer | Content creator', 'Hà Nội, Vietnam', 'online', 'user', TRUE, TIMESTAMP '2025-12-05 17:11:58.163333', TIMESTAMP '2025-12-05 17:11:58.163333');
INSERT INTO "Users" ("Id", "Username", "Email", "PasswordHash", "FullName", "AvatarUrl", "CoverImageUrl", "Bio", "Location", "Status", "Role", "IsVerified", "CreatedAt", "UpdatedAt") VALUES ('ad30c7f2-8d3a-4e0f-a951-72a15afb1902', 'an', 'anle@GGzone.com', '$2a$11$BVp6vrEPNyM/y9vVjdee4uZrqycOFUL.zydqbnCbbOJUj8nVSdT.6', 'anle', 'https://res.cloudinary.com/dkpyqplio/image/upload/v1766406088/ggzone/avatars/irkkixwy8ro0vtej9jvp.jpg', '', 'em trai Sơn Tùng MTP', 'Đà Nẵng - Việt Nam', 'offline', 'user', FALSE, TIMESTAMP '2025-12-22 19:20:02.644894', TIMESTAMP '2025-12-22 19:42:56.321285');
INSERT INTO "Users" ("Id", "Username", "Email", "PasswordHash", "FullName", "AvatarUrl", "CoverImageUrl", "Bio", "Location", "Status", "Role", "IsVerified", "CreatedAt", "UpdatedAt") VALUES ('6cce5b34-5f21-4aee-8335-80a65075324a', 'henry_analyst', 'henry@ggzone.com', '$2a$11$O/k0GbkXlX2sbDXrCeYoBe/VjofMTkKTFqpjzOz2.nmrSx9lJ9CXi', 'Henry Đặng', 'https://i.pravatar.cc/150?img=9', NULL, 'Game analyst | Content creator', 'Hà Nội, Vietnam', 'online', 'user', TRUE, TIMESTAMP '2025-12-05 17:11:58.163333', TIMESTAMP '2025-12-05 17:11:58.163333');
INSERT INTO "Users" ("Id", "Username", "Email", "PasswordHash", "FullName", "AvatarUrl", "CoverImageUrl", "Bio", "Location", "Status", "Role", "IsVerified", "CreatedAt", "UpdatedAt") VALUES ('c88cbe0e-1caf-4fdd-aa07-8d46ba7253a3', 'test', 'test@ggzone.com', '$2a$11$hqnww4wISZY/iOyqQf2YWeRpf7jx1hTOmUWoQT0CtAYw3LrEH6.g6', 'test', NULL, NULL, NULL, NULL, 'offline', 'user', FALSE, TIMESTAMP '2025-12-23 08:15:50.622976', TIMESTAMP '2025-12-23 08:15:50.623065');
INSERT INTO "Users" ("Id", "Username", "Email", "PasswordHash", "FullName", "AvatarUrl", "CoverImageUrl", "Bio", "Location", "Status", "Role", "IsVerified", "CreatedAt", "UpdatedAt") VALUES ('bdd084bb-f5ab-4647-a07d-936aaac85808', 'grace_speedrun', 'grace@ggzone.com', '$2a$11$O/k0GbkXlX2sbDXrCeYoBe/VjofMTkKTFqpjzOz2.nmrSx9lJ9CXi', 'Grace Trịnh', 'https://i.pravatar.cc/150?img=8', NULL, 'Speedrunner | World record holder', 'Đà Nẵng, Vietnam', 'in-game', 'user', TRUE, TIMESTAMP '2025-12-05 17:11:58.163333', TIMESTAMP '2025-12-05 17:11:58.163333');
INSERT INTO "Users" ("Id", "Username", "Email", "PasswordHash", "FullName", "AvatarUrl", "CoverImageUrl", "Bio", "Location", "Status", "Role", "IsVerified", "CreatedAt", "UpdatedAt") VALUES ('1f90039c-f0e2-48a6-816d-972666daee22', 'Han', 'hanxinhgai@ggzone.com', '$2a$11$uQfmRg0NokVgGGsg3pyq9.kRUih/l9dNjD02ZEHXF28Le1FJirKk2', 'Han Han', 'https://res.cloudinary.com/dkpyqplio/image/upload/v1766406447/ggzone/avatars/aukg71dfvcj14uxxjbzh.jpg', '', 'Hân và Huyền là đôi bạn thân!', '', 'offline', 'user', FALSE, TIMESTAMP '2025-12-22 19:20:21.065752', TIMESTAMP '2025-12-23 08:41:31.358295');
INSERT INTO "Users" ("Id", "Username", "Email", "PasswordHash", "FullName", "AvatarUrl", "CoverImageUrl", "Bio", "Location", "Status", "Role", "IsVerified", "CreatedAt", "UpdatedAt") VALUES ('ced5ce6e-7631-4433-a26c-a0ba07dcb986', 'kate_casual', 'kate@ggzone.com', '$2a$11$O/k0GbkXlX2sbDXrCeYoBe/VjofMTkKTFqpjzOz2.nmrSx9lJ9CXi', 'Kate Phan', 'https://i.pravatar.cc/150?img=12', NULL, 'Casual gamer | Social butterfly', 'Đà Nẵng, Vietnam', 'online', 'user', TRUE, TIMESTAMP '2025-12-05 17:11:58.163333', TIMESTAMP '2025-12-05 17:11:58.163333');
INSERT INTO "Users" ("Id", "Username", "Email", "PasswordHash", "FullName", "AvatarUrl", "CoverImageUrl", "Bio", "Location", "Status", "Role", "IsVerified", "CreatedAt", "UpdatedAt") VALUES ('09c31bd3-2336-4135-86f8-a82083a991f4', 'iris_artist', 'iris@ggzone.com', '$2a$11$O/k0GbkXlX2sbDXrCeYoBe/VjofMTkKTFqpjzOz2.nmrSx9lJ9CXi', 'Iris Lý', 'https://i.pravatar.cc/150?img=10', NULL, 'Game artist | Concept designer', 'TP.HCM, Vietnam', 'offline', 'user', TRUE, TIMESTAMP '2025-12-05 17:11:58.163333', TIMESTAMP '2025-12-05 17:11:58.163333');
INSERT INTO "Users" ("Id", "Username", "Email", "PasswordHash", "FullName", "AvatarUrl", "CoverImageUrl", "Bio", "Location", "Status", "Role", "IsVerified", "CreatedAt", "UpdatedAt") VALUES ('0ff9ac64-3deb-450b-b332-aa7ae36fd398', 'evan_pro', 'evan@ggzone.com', '$2a$11$O/k0GbkXlX2sbDXrCeYoBe/VjofMTkKTFqpjzOz2.nmrSx9lJ9CXi', 'Evan Hoàng', 'https://i.pravatar.cc/150?img=6', NULL, 'Dota 2 pro player | Tournament winner', 'Hà Nội, Vietnam', 'online', 'user', TRUE, TIMESTAMP '2025-12-05 17:11:58.163333', TIMESTAMP '2025-12-05 17:11:58.163333');
INSERT INTO "Users" ("Id", "Username", "Email", "PasswordHash", "FullName", "AvatarUrl", "CoverImageUrl", "Bio", "Location", "Status", "Role", "IsVerified", "CreatedAt", "UpdatedAt") VALUES ('721902e0-19ae-48d5-84a9-cf09b5b6f605', 'huy', 'huy@ggzone.com', '$2a$11$EKfImwOPdkhSEcvr1Y5lg.6Po8llfrIl.jBbfTDat4OFdmzSgMKYa', 'huy', NULL, NULL, NULL, NULL, 'offline', 'user', FALSE, TIMESTAMP '2025-12-23 08:24:01.489923', TIMESTAMP '2025-12-23 08:24:01.489925');
INSERT INTO "Users" ("Id", "Username", "Email", "PasswordHash", "FullName", "AvatarUrl", "CoverImageUrl", "Bio", "Location", "Status", "Role", "IsVerified", "CreatedAt", "UpdatedAt") VALUES ('910e8f9b-6f94-4b0e-bf8f-cf1bcbba5552', 'leo_streamer', 'leo@ggzone.com', '$2a$11$O/k0GbkXlX2sbDXrCeYoBe/VjofMTkKTFqpjzOz2.nmrSx9lJ9CXi', 'Leo Trần', 'https://i.pravatar.cc/150?img=13', NULL, 'Twitch streamer | 50k followers', 'TP.HCM, Vietnam', 'in-game', 'user', TRUE, TIMESTAMP '2025-12-05 17:11:58.163333', TIMESTAMP '2025-12-05 17:11:58.163333');
INSERT INTO "Users" ("Id", "Username", "Email", "PasswordHash", "FullName", "AvatarUrl", "CoverImageUrl", "Bio", "Location", "Status", "Role", "IsVerified", "CreatedAt", "UpdatedAt") VALUES ('6aa29523-2037-48c9-a108-e2da2aa23da8', 'jack_competitive', 'jack@ggzone.com', '$2a$11$O/k0GbkXlX2sbDXrCeYoBe/VjofMTkKTFqpjzOz2.nmrSx9lJ9CXi', 'Jack Ngô', 'https://i.pravatar.cc/150?img=11', NULL, 'Competitive player | Team captain', 'Hà Nội, Vietnam', 'online', 'user', TRUE, TIMESTAMP '2025-12-05 17:11:58.163333', TIMESTAMP '2025-12-05 17:11:58.163333');
INSERT INTO "Users" ("Id", "Username", "Email", "PasswordHash", "FullName", "AvatarUrl", "CoverImageUrl", "Bio", "Location", "Status", "Role", "IsVerified", "CreatedAt", "UpdatedAt") VALUES ('8017107e-ecd0-4862-bc75-e6cf2bd9eab5', 'charlie_moba', 'charlie@ggzone.com', '$2a$11$O/k0GbkXlX2sbDXrCeYoBe/VjofMTkKTFqpjzOz2.nmrSx9lJ9CXi', 'Charlie Lê', 'https://i.pravatar.cc/150?img=3', NULL, 'League of Legends Diamond player', 'Đà Nẵng, Vietnam', 'online', 'moderator', TRUE, TIMESTAMP '2025-12-05 17:11:58.163333', TIMESTAMP '2025-12-05 17:11:58.163333');

-- AdminAuditLogs: 9 rows
INSERT INTO "AdminAuditLogs" ("Id", "AdminUserId", "Action", "TargetType", "TargetId", "OldValue", "NewValue", "IpAddress", "UserAgent", "Reason", "CreatedAt") VALUES ('739324fd-19da-48b4-b802-134aa87945f8', '8017107e-ecd0-4862-bc75-e6cf2bd9eab5', 'post_moderated', 'post', '89aa4089-9ecf-434a-99df-f36c7533ec9a', NULL, 'Status: approved', '192.168.1.101', 'Mozilla/5.0', 'Content review passed', TIMESTAMP '2025-12-05 17:11:58.346666');
INSERT INTO "AdminAuditLogs" ("Id", "AdminUserId", "Action", "TargetType", "TargetId", "OldValue", "NewValue", "IpAddress", "UserAgent", "Reason", "CreatedAt") VALUES ('76062423-ac1a-40d3-af8a-25eaa43b22dd', '44f5fcd8-f943-42ea-ae13-3a3cd4f3e69c', 'product_featured', 'product', '2ee19c66-be2f-49fb-8e01-018f9ec8bd4a', NULL, 'IsFeatured: 1', '192.168.1.100', 'Mozilla/5.0', 'Featured store product', TIMESTAMP '2025-12-05 17:11:58.346666');
INSERT INTO "AdminAuditLogs" ("Id", "AdminUserId", "Action", "TargetType", "TargetId", "OldValue", "NewValue", "IpAddress", "UserAgent", "Reason", "CreatedAt") VALUES ('5781d04a-bf7a-435e-ab40-352fc1700a13', '44f5fcd8-f943-42ea-ae13-3a3cd4f3e69c', 'user_verified', 'user', 'e2ffaeef-5187-4511-a7f3-174ce39ffc2a', 'IsVerified: 0', 'IsVerified: 1', '192.168.1.100', 'Mozilla/5.0', 'User verification approved', TIMESTAMP '2025-12-05 17:11:58.346666');
INSERT INTO "AdminAuditLogs" ("Id", "AdminUserId", "Action", "TargetType", "TargetId", "OldValue", "NewValue", "IpAddress", "UserAgent", "Reason", "CreatedAt") VALUES ('63d926f0-f086-4e7a-b61b-477d6b9f8039', '44f5fcd8-f943-42ea-ae13-3a3cd4f3e69c', 'user_verified', 'user', '8017107e-ecd0-4862-bc75-e6cf2bd9eab5', 'IsVerified: 0', 'IsVerified: 1', '192.168.1.100', 'Mozilla/5.0', 'Moderator verification', TIMESTAMP '2025-12-05 17:11:58.346666');
INSERT INTO "AdminAuditLogs" ("Id", "AdminUserId", "Action", "TargetType", "TargetId", "OldValue", "NewValue", "IpAddress", "UserAgent", "Reason", "CreatedAt") VALUES ('5ae7ffbd-df32-4173-8e83-58bae0403749', '44f5fcd8-f943-42ea-ae13-3a3cd4f3e69c', 'game_added', 'game', 'a670d762-4645-4d2e-8bd3-ff67e5960d10', NULL, 'Status: active', '192.168.1.100', 'Mozilla/5.0', 'New game added to platform', TIMESTAMP '2025-12-05 17:11:58.346666');
INSERT INTO "AdminAuditLogs" ("Id", "AdminUserId", "Action", "TargetType", "TargetId", "OldValue", "NewValue", "IpAddress", "UserAgent", "Reason", "CreatedAt") VALUES ('d065d591-f89f-4cdf-8271-62583f6eda2d', '8017107e-ecd0-4862-bc75-e6cf2bd9eab5', 'post_moderated', 'post', '9e918182-fdd5-42db-b3a7-a0b340823274', NULL, 'Status: approved', '192.168.1.101', 'Mozilla/5.0', 'Content review passed', TIMESTAMP '2025-12-05 17:11:58.346666');
INSERT INTO "AdminAuditLogs" ("Id", "AdminUserId", "Action", "TargetType", "TargetId", "OldValue", "NewValue", "IpAddress", "UserAgent", "Reason", "CreatedAt") VALUES ('6f8002c4-ea43-444f-9c8c-b2167c90b82d', '44f5fcd8-f943-42ea-ae13-3a3cd4f3e69c', 'post_featured', 'post', '7e06b9f7-da5d-461c-9378-07b1e98cfff1', NULL, 'IsFeatured: 1', '192.168.1.100', 'Mozilla/5.0', 'Featured on homepage', TIMESTAMP '2025-12-05 17:11:58.346666');
INSERT INTO "AdminAuditLogs" ("Id", "AdminUserId", "Action", "TargetType", "TargetId", "OldValue", "NewValue", "IpAddress", "UserAgent", "Reason", "CreatedAt") VALUES ('3854cb42-31c9-4520-a597-b489040aee47', '44f5fcd8-f943-42ea-ae13-3a3cd4f3e69c', 'user_role_changed', 'user', '7fea2a14-819d-43cb-b37c-23f3f6966ea5', 'Role: user', 'Role: moderator', '192.168.1.100', 'Mozilla/5.0', 'Promoted to moderator', TIMESTAMP '2025-12-05 17:11:58.346666');
INSERT INTO "AdminAuditLogs" ("Id", "AdminUserId", "Action", "TargetType", "TargetId", "OldValue", "NewValue", "IpAddress", "UserAgent", "Reason", "CreatedAt") VALUES ('f87d9963-ac95-4f1e-ac23-b62836024769', '8017107e-ecd0-4862-bc75-e6cf2bd9eab5', 'post_removed', 'post', '25f4055e-ae7e-41c0-9435-c62e2493dc50', 'Status: approved', 'Status: removed', '192.168.1.101', 'Mozilla/5.0', 'Violates community guidelines', TIMESTAMP '2025-12-05 17:11:58.346666');

-- Announcements: 8 rows
INSERT INTO "Announcements" ("Id", "Title", "Content", "Type", "Priority", "TargetAudience", "IsActive", "StartDate", "EndDate", "CreatedBy", "CreatedAt") VALUES ('287f48f6-9428-416b-9f97-59140f8477d8', 'Store Sale Event', 'Special discounts on VIP memberships and tournament passes this week!', 'info', 'normal', 'users', TRUE, TIMESTAMP '2025-12-02 17:11:58.350000', NULL, '44f5fcd8-f943-42ea-ae13-3a3cd4f3e69c', TIMESTAMP '2025-12-05 17:11:58.350000');
INSERT INTO "Announcements" ("Id", "Title", "Content", "Type", "Priority", "TargetAudience", "IsActive", "StartDate", "EndDate", "CreatedBy", "CreatedAt") VALUES ('ec418498-50d2-4d70-bf74-5a546dbc76e9', 'Holiday Special Event', 'Join our holiday event with special rewards and exclusive items!', 'event', 'high', 'all', TRUE, TIMESTAMP '2025-12-25 17:11:58.350000', TIMESTAMP '2026-01-09 17:11:58.350000', '44f5fcd8-f943-42ea-ae13-3a3cd4f3e69c', TIMESTAMP '2025-12-05 17:11:58.350000');
INSERT INTO "Announcements" ("Id", "Title", "Content", "Type", "Priority", "TargetAudience", "IsActive", "StartDate", "EndDate", "CreatedBy", "CreatedAt") VALUES ('df946907-56d4-4205-a77e-82efb8a30889', 'Welcome to GGZone!', 'Thank you for joining our gaming community. Explore features and connect with gamers!', 'info', 'normal', 'all', TRUE, TIMESTAMP '2025-11-05 17:11:58.350000', NULL, '44f5fcd8-f943-42ea-ae13-3a3cd4f3e69c', TIMESTAMP '2025-12-05 17:11:58.350000');
INSERT INTO "Announcements" ("Id", "Title", "Content", "Type", "Priority", "TargetAudience", "IsActive", "StartDate", "EndDate", "CreatedBy", "CreatedAt") VALUES ('28042d63-e683-4f70-bd3a-8a9aa06e402d', 'Server Maintenance', 'Scheduled maintenance on Sunday 2AM-4AM. Services will be temporarily unavailable.', 'maintenance', 'high', 'all', TRUE, TIMESTAMP '2025-12-05 17:11:58.350000', TIMESTAMP '2025-12-12 17:11:58.350000', '44f5fcd8-f943-42ea-ae13-3a3cd4f3e69c', TIMESTAMP '2025-12-05 17:11:58.350000');
INSERT INTO "Announcements" ("Id", "Title", "Content", "Type", "Priority", "TargetAudience", "IsActive", "StartDate", "EndDate", "CreatedBy", "CreatedAt") VALUES ('c87391a9-ba54-478d-a55f-8ce20140eb64', 'New Features Released', 'Check out our latest features: improved profiles, better search, and more!', 'info', 'normal', 'all', TRUE, TIMESTAMP '2025-11-30 17:11:58.350000', NULL, '44f5fcd8-f943-42ea-ae13-3a3cd4f3e69c', TIMESTAMP '2025-12-05 17:11:58.350000');
INSERT INTO "Announcements" ("Id", "Title", "Content", "Type", "Priority", "TargetAudience", "IsActive", "StartDate", "EndDate", "CreatedBy", "CreatedAt") VALUES ('c6010583-3bc6-4406-b935-c134b95cd829', 'Dota 2 International Qualifiers', 'Registration for Dota 2 International Qualifiers is now open!', 'event', 'high', 'users', TRUE, TIMESTAMP '2025-12-19 17:11:58.350000', TIMESTAMP '2025-12-26 17:11:58.350000', '44f5fcd8-f943-42ea-ae13-3a3cd4f3e69c', TIMESTAMP '2025-12-05 17:11:58.350000');
INSERT INTO "Announcements" ("Id", "Title", "Content", "Type", "Priority", "TargetAudience", "IsActive", "StartDate", "EndDate", "CreatedBy", "CreatedAt") VALUES ('556f3d11-3184-4240-96c3-c2729046966a', 'New Tournament Starting!', 'Vietnam Valorant Championship registration is now open. Join now!', 'event', 'high', 'users', TRUE, TIMESTAMP '2025-12-05 17:11:58.350000', TIMESTAMP '2025-12-15 17:11:58.350000', '44f5fcd8-f943-42ea-ae13-3a3cd4f3e69c', TIMESTAMP '2025-12-05 17:11:58.350000');
INSERT INTO "Announcements" ("Id", "Title", "Content", "Type", "Priority", "TargetAudience", "IsActive", "StartDate", "EndDate", "CreatedBy", "CreatedAt") VALUES ('59f15b28-a202-4d1b-9c23-f2c6fbbf075e', 'Community Guidelines Update', 'Please review our updated community guidelines for a better experience.', 'info', 'high', 'all', TRUE, TIMESTAMP '2025-12-03 17:11:58.350000', NULL, '44f5fcd8-f943-42ea-ae13-3a3cd4f3e69c', TIMESTAMP '2025-12-05 17:11:58.350000');

-- Groups: 7 rows
INSERT INTO "Groups" ("Id", "Name", "Description", "CoverImageUrl", "IconUrl", "Visibility", "MembersCount", "CreatedBy", "CreatedAt", "UpdatedAt") VALUES ('2876838b-36c5-41a2-a8cc-0f82d57fc5b6', 'Indie Game Lovers', 'Support indie developers and games', 'https://images.unsplash.com/photo-1560253023-3ec5d502959f', 'https://i.imgur.com/group5.png', 'public', 6, 'e72130fb-1619-4202-a79f-6604ade34f01', TIMESTAMP '2025-12-05 17:11:58.170000', TIMESTAMP '2025-12-05 17:11:58.170000');
INSERT INTO "Groups" ("Id", "Name", "Description", "CoverImageUrl", "IconUrl", "Visibility", "MembersCount", "CreatedBy", "CreatedAt", "UpdatedAt") VALUES ('517c0b7b-d026-4d08-b1b1-117272a497f2', 'MOBA Masters', 'MOBA strategy and tips community', 'https://images.unsplash.com/photo-1511512578047-dfb367046420', 'https://i.imgur.com/group3.png', 'public', 3, '8017107e-ecd0-4862-bc75-e6cf2bd9eab5', TIMESTAMP '2025-12-05 17:11:58.170000', TIMESTAMP '2025-12-05 17:11:58.170000');
INSERT INTO "Groups" ("Id", "Name", "Description", "CoverImageUrl", "IconUrl", "Visibility", "MembersCount", "CreatedBy", "CreatedAt", "UpdatedAt") VALUES ('50c9c3f2-c5de-49d8-a26f-5dfab206ebb9', 'new group', '', 'https://res.cloudinary.com/dkpyqplio/image/upload/v1766453499/ggzone/groups/je8ny6ff2fgyoscu7pzz.jpg', NULL, 'public', 1, '721902e0-19ae-48d5-84a9-cf09b5b6f605', TIMESTAMP '2025-12-23 08:31:50.487954', TIMESTAMP '2025-12-23 08:31:50.487954');
INSERT INTO "Groups" ("Id", "Name", "Description", "CoverImageUrl", "IconUrl", "Visibility", "MembersCount", "CreatedBy", "CreatedAt", "UpdatedAt") VALUES ('1010d2a4-eaff-47a7-9bcc-76cd2eabdcb9', 'Gamers Vietnam', 'Cộng đồng game thủ Việt Nam', 'https://images.unsplash.com/photo-1542751371-adc38448a05e', 'https://i.imgur.com/group1.png', 'public', 4, 'e2ffaeef-5187-4511-a7f3-174ce39ffc2a', TIMESTAMP '2025-12-05 17:11:58.170000', TIMESTAMP '2025-12-05 17:11:58.170000');
INSERT INTO "Groups" ("Id", "Name", "Description", "CoverImageUrl", "IconUrl", "Visibility", "MembersCount", "CreatedBy", "CreatedAt", "UpdatedAt") VALUES ('117aa6ca-8cc8-4695-8bb8-84ba0e48b499', 'FPS Legends', 'Group for FPS enthusiasts and pro players', 'https://images.unsplash.com/photo-1538481199705-c710c4e965fc', 'https://i.imgur.com/group2.png', 'public', 4, '9642ed4d-193a-4472-b63f-55f0357e6336', TIMESTAMP '2025-12-05 17:11:58.170000', TIMESTAMP '2025-12-05 17:11:58.170000');
INSERT INTO "Groups" ("Id", "Name", "Description", "CoverImageUrl", "IconUrl", "Visibility", "MembersCount", "CreatedBy", "CreatedAt", "UpdatedAt") VALUES ('65e7f40e-13aa-458d-9075-e46f423df73d', 'Speedrunners United', 'Speedrunning community and challenges', 'https://images.unsplash.com/photo-1552820728-8b83bb6b773f', 'https://i.imgur.com/group4.png', 'public', 5, 'bdd084bb-f5ab-4647-a07d-936aaac85808', TIMESTAMP '2025-12-05 17:11:58.170000', TIMESTAMP '2025-12-05 17:11:58.170000');
INSERT INTO "Groups" ("Id", "Name", "Description", "CoverImageUrl", "IconUrl", "Visibility", "MembersCount", "CreatedBy", "CreatedAt", "UpdatedAt") VALUES ('fdfbb9b2-d625-401c-a8e6-fef4e783e397', 'cộng đồng game thủ Đà Nẵng', '', 'https://res.cloudinary.com/dkpyqplio/image/upload/v1766406245/ggzone/groups/mcqfkridb81lyelv2lg7.jpg', NULL, 'public', 3, 'ad30c7f2-8d3a-4e0f-a951-72a15afb1902', TIMESTAMP '2025-12-22 19:24:11.685458', TIMESTAMP '2025-12-22 19:24:11.685459');

-- Posts: 18 rows
INSERT INTO "Posts" ("Id", "UserId", "GroupId", "Content", "PostType", "VideoUrl", "LikesCount", "CommentsCount", "SharesCount", "IsPinned", "CreatedAt", "UpdatedAt") VALUES ('4caaa2a9-7212-43f0-b799-021034a655ef', '721902e0-19ae-48d5-84a9-cf09b5b6f605', NULL, 'new post', 'text', NULL, 1, 0, 0, FALSE, TIMESTAMP '2025-12-23 08:30:57.438821', TIMESTAMP '2025-12-23 08:31:08.113333');
INSERT INTO "Posts" ("Id", "UserId", "GroupId", "Content", "PostType", "VideoUrl", "LikesCount", "CommentsCount", "SharesCount", "IsPinned", "CreatedAt", "UpdatedAt") VALUES ('7e06b9f7-da5d-461c-9378-07b1e98cfff1', 'e2ffaeef-5187-4511-a7f3-174ce39ffc2a', NULL, 'Just hit Radiant in Valorant! 🎉 Hard work pays off!', 'text', NULL, 46, 13, 5, FALSE, TIMESTAMP '2025-12-05 17:11:58.190000', TIMESTAMP '2025-12-05 17:11:58.220000');
INSERT INTO "Posts" ("Id", "UserId", "GroupId", "Content", "PostType", "VideoUrl", "LikesCount", "CommentsCount", "SharesCount", "IsPinned", "CreatedAt", "UpdatedAt") VALUES ('6c0327e5-0f17-49c5-94e4-3510e4ad5fa9', '6cce5b34-5f21-4aee-8335-80a65075324a', NULL, 'Breaking down the meta changes in Valorant 13.0', 'text', NULL, 179, 53, 28, FALSE, TIMESTAMP '2025-12-05 17:11:58.190000', TIMESTAMP '2025-12-05 17:11:58.220000');
INSERT INTO "Posts" ("Id", "UserId", "GroupId", "Content", "PostType", "VideoUrl", "LikesCount", "CommentsCount", "SharesCount", "IsPinned", "CreatedAt", "UpdatedAt") VALUES ('a12c3759-ffbc-4fe6-af26-3de22478e43f', '6aa29523-2037-48c9-a108-e2da2aa23da8', '117aa6ca-8cc8-4695-8bb8-84ba0e48b499', 'Team recruitment: Looking for IGL and support player', 'text', NULL, 99, 35, 12, FALSE, TIMESTAMP '2025-12-05 17:11:58.190000', TIMESTAMP '2025-12-05 17:11:58.220000');
INSERT INTO "Posts" ("Id", "UserId", "GroupId", "Content", "PostType", "VideoUrl", "LikesCount", "CommentsCount", "SharesCount", "IsPinned", "CreatedAt", "UpdatedAt") VALUES ('ec64cbd3-6595-4dae-9f11-443065b77597', '812b68c2-0641-4f8d-b1b4-6476f7037269', '2876838b-36c5-41a2-a8cc-0f82d57fc5b6', 'Indie game recommendations - what are you playing?', 'text', NULL, 146, 57, 31, FALSE, TIMESTAMP '2025-12-05 17:11:58.190000', TIMESTAMP '2025-12-05 17:11:58.220000');
INSERT INTO "Posts" ("Id", "UserId", "GroupId", "Content", "PostType", "VideoUrl", "LikesCount", "CommentsCount", "SharesCount", "IsPinned", "CreatedAt", "UpdatedAt") VALUES ('a9fa8c44-385b-4371-87c6-4fc9a6024c6d', '7fea2a14-819d-43cb-b37c-23f3f6966ea5', '1010d2a4-eaff-47a7-9bcc-76cd2eabdcb9', 'Community event this Saturday - everyone welcome!', 'text', NULL, 88, 29, 15, FALSE, TIMESTAMP '2025-12-05 17:11:58.190000', TIMESTAMP '2025-12-05 17:11:58.220000');
INSERT INTO "Posts" ("Id", "UserId", "GroupId", "Content", "PostType", "VideoUrl", "LikesCount", "CommentsCount", "SharesCount", "IsPinned", "CreatedAt", "UpdatedAt") VALUES ('eb7d0477-e884-44c5-ab70-573b96eaafc8', 'e72130fb-1619-4202-a79f-6604ade34f01', '2876838b-36c5-41a2-a8cc-0f82d57fc5b6', 'Game dev tips: Optimization for indie developers', 'text', NULL, 190, 64, 38, FALSE, TIMESTAMP '2025-12-05 17:11:58.190000', TIMESTAMP '2025-12-05 17:11:58.220000');
INSERT INTO "Posts" ("Id", "UserId", "GroupId", "Content", "PostType", "VideoUrl", "LikesCount", "CommentsCount", "SharesCount", "IsPinned", "CreatedAt", "UpdatedAt") VALUES ('2a4ef2f4-1f5c-44d8-b5dd-8d4336fb8d56', '44f5fcd8-f943-42ea-ae13-3a3cd4f3e69c', NULL, 'hello', 'text', NULL, 2, 0, 0, FALSE, TIMESTAMP '2025-12-09 22:07:42.889469', TIMESTAMP '2025-12-22 19:25:54.063333');
INSERT INTO "Posts" ("Id", "UserId", "GroupId", "Content", "PostType", "VideoUrl", "LikesCount", "CommentsCount", "SharesCount", "IsPinned", "CreatedAt", "UpdatedAt") VALUES ('9e918182-fdd5-42db-b3a7-a0b340823274', '0ff9ac64-3deb-450b-b332-aa7ae36fd398', '517c0b7b-d026-4d08-b1b1-117272a497f2', 'Dota 2 International predictions - who''s your pick?', 'text', NULL, 158, 46, 23, FALSE, TIMESTAMP '2025-12-05 17:11:58.190000', TIMESTAMP '2025-12-22 18:15:20.133333');
INSERT INTO "Posts" ("Id", "UserId", "GroupId", "Content", "PostType", "VideoUrl", "LikesCount", "CommentsCount", "SharesCount", "IsPinned", "CreatedAt", "UpdatedAt") VALUES ('4f730dc7-abe6-4885-b59b-b67c90747f50', '09c31bd3-2336-4135-86f8-a82083a991f4', '2876838b-36c5-41a2-a8cc-0f82d57fc5b6', 'Concept art for my upcoming game project', 'text', NULL, 268, 79, 45, FALSE, TIMESTAMP '2025-12-05 17:11:58.190000', TIMESTAMP '2025-12-05 17:11:58.220000');
INSERT INTO "Posts" ("Id", "UserId", "GroupId", "Content", "PostType", "VideoUrl", "LikesCount", "CommentsCount", "SharesCount", "IsPinned", "CreatedAt", "UpdatedAt") VALUES ('17f1691a-4e82-4245-83bd-bf1bdbe0dd4d', 'ced5ce6e-7631-4433-a26c-a0ba07dcb986', '1010d2a4-eaff-47a7-9bcc-76cd2eabdcb9', 'Finally got my first pentakill in League! 😍', 'text', NULL, 124, 42, 19, FALSE, TIMESTAMP '2025-12-05 17:11:58.190000', TIMESTAMP '2025-12-05 17:11:58.220000');
INSERT INTO "Posts" ("Id", "UserId", "GroupId", "Content", "PostType", "VideoUrl", "LikesCount", "CommentsCount", "SharesCount", "IsPinned", "CreatedAt", "UpdatedAt") VALUES ('506c964c-7336-4fe7-a2dd-c2db5c1bc8cf', 'bdd084bb-f5ab-4647-a07d-936aaac85808', '65e7f40e-13aa-458d-9075-e46f423df73d', 'Just completed a new speedrun record! 2:34:12 🏃', 'text', NULL, 235, 68, 34, FALSE, TIMESTAMP '2025-12-05 17:11:58.190000', TIMESTAMP '2025-12-05 17:11:58.220000');
INSERT INTO "Posts" ("Id", "UserId", "GroupId", "Content", "PostType", "VideoUrl", "LikesCount", "CommentsCount", "SharesCount", "IsPinned", "CreatedAt", "UpdatedAt") VALUES ('25f4055e-ae7e-41c0-9435-c62e2493dc50', '8017107e-ecd0-4862-bc75-e6cf2bd9eab5', '517c0b7b-d026-4d08-b1b1-117272a497f2', 'New League patch is insane! Check out my gameplay highlights', 'video', NULL, 68, 16, 10, FALSE, TIMESTAMP '2025-12-05 17:11:58.190000', TIMESTAMP '2025-12-05 17:11:58.220000');
INSERT INTO "Posts" ("Id", "UserId", "GroupId", "Content", "PostType", "VideoUrl", "LikesCount", "CommentsCount", "SharesCount", "IsPinned", "CreatedAt", "UpdatedAt") VALUES ('9b299a56-3bc2-4151-b281-c8b3c1bb056d', 'e2ffaeef-5187-4511-a7f3-174ce39ffc2a', '1010d2a4-eaff-47a7-9bcc-76cd2eabdcb9', 'Tournament this weekend! Who''s joining?', 'text', NULL, 36, 19, 7, FALSE, TIMESTAMP '2025-12-05 17:11:58.190000', TIMESTAMP '2025-12-22 18:15:17.936666');
INSERT INTO "Posts" ("Id", "UserId", "GroupId", "Content", "PostType", "VideoUrl", "LikesCount", "CommentsCount", "SharesCount", "IsPinned", "CreatedAt", "UpdatedAt") VALUES ('675e84ea-beb9-459d-89a2-d2573099a164', 'b6233ea7-a2ff-49ae-8c3a-6b305e720f58', NULL, 'Streaming live now! Come hang out 🎮', 'text', NULL, 90, 24, 15, FALSE, TIMESTAMP '2025-12-05 17:11:58.190000', TIMESTAMP '2025-12-05 17:11:58.220000');
INSERT INTO "Posts" ("Id", "UserId", "GroupId", "Content", "PostType", "VideoUrl", "LikesCount", "CommentsCount", "SharesCount", "IsPinned", "CreatedAt", "UpdatedAt") VALUES ('712b8c22-9760-4051-96f7-d4c031aaffa9', 'ad30c7f2-8d3a-4e0f-a951-72a15afb1902', NULL, 'my life', 'text', NULL, 3, 0, 0, FALSE, TIMESTAMP '2025-12-22 19:25:44.365464', TIMESTAMP '2025-12-23 07:50:23.233333');
INSERT INTO "Posts" ("Id", "UserId", "GroupId", "Content", "PostType", "VideoUrl", "LikesCount", "CommentsCount", "SharesCount", "IsPinned", "CreatedAt", "UpdatedAt") VALUES ('fa972833-763d-4096-a63e-df3dffcc19fc', '910e8f9b-6f94-4b0e-bf8f-cf1bcbba5552', NULL, 'Going live with 12-hour Valorant marathon! Join me!', 'text', NULL, 346, 90, 56, FALSE, TIMESTAMP '2025-12-05 17:11:58.190000', TIMESTAMP '2025-12-05 17:11:58.220000');
INSERT INTO "Posts" ("Id", "UserId", "GroupId", "Content", "PostType", "VideoUrl", "LikesCount", "CommentsCount", "SharesCount", "IsPinned", "CreatedAt", "UpdatedAt") VALUES ('89aa4089-9ecf-434a-99df-f36c7533ec9a', '9642ed4d-193a-4472-b63f-55f0357e6336', '117aa6ca-8cc8-4695-8bb8-84ba0e48b499', 'Looking for teammates for CS2 ranked. Need 2 more players!', 'text', NULL, 25, 9, 2, FALSE, TIMESTAMP '2025-12-05 17:11:58.190000', TIMESTAMP '2025-12-22 18:15:16.590000');

-- Comments: 49 rows
INSERT INTO "Comments" ("Id", "PostId", "UserId", "ParentCommentId", "Content", "LikesCount", "CreatedAt", "UpdatedAt") VALUES ('041bc642-026b-42e1-9e36-137c74fba4d1', 'a9fa8c44-385b-4371-87c6-4fc9a6024c6d', '9642ed4d-193a-4472-b63f-55f0357e6336', NULL, 'Count me in!', 3, TIMESTAMP '2025-12-05 17:11:58.213333', TIMESTAMP '2025-12-05 17:11:58.213333');
INSERT INTO "Comments" ("Id", "PostId", "UserId", "ParentCommentId", "Content", "LikesCount", "CreatedAt", "UpdatedAt") VALUES ('d2125787-f7e3-479b-bf6a-13a6f9998f77', '9b299a56-3bc2-4151-b281-c8b3c1bb056d', '8017107e-ecd0-4862-bc75-e6cf2bd9eab5', NULL, 'I''m in! Let''s win this', 3, TIMESTAMP '2025-12-05 17:11:58.213333', TIMESTAMP '2025-12-05 17:11:58.213333');
INSERT INTO "Comments" ("Id", "PostId", "UserId", "ParentCommentId", "Content", "LikesCount", "CreatedAt", "UpdatedAt") VALUES ('e9df3a7a-be9d-4ab1-a072-1605c40af376', '89aa4089-9ecf-434a-99df-f36c7533ec9a', '8017107e-ecd0-4862-bc75-e6cf2bd9eab5', NULL, 'Count me in if you need one more', 2, TIMESTAMP '2025-12-05 17:11:58.213333', TIMESTAMP '2025-12-05 17:11:58.213333');
INSERT INTO "Comments" ("Id", "PostId", "UserId", "ParentCommentId", "Content", "LikesCount", "CreatedAt", "UpdatedAt") VALUES ('5305a34f-79d2-49d6-8d0e-1ddc19f30c35', 'ec64cbd3-6595-4dae-9f11-443065b77597', '812b68c2-0641-4f8d-b1b4-6476f7037269', NULL, 'What are your top picks?', 5, TIMESTAMP '2025-12-05 17:11:58.213333', TIMESTAMP '2025-12-05 17:11:58.213333');
INSERT INTO "Comments" ("Id", "PostId", "UserId", "ParentCommentId", "Content", "LikesCount", "CreatedAt", "UpdatedAt") VALUES ('30dd4aad-8ad3-445a-874b-1f72c8b9aaa8', '675e84ea-beb9-459d-89a2-d2573099a164', '6cce5b34-5f21-4aee-8335-80a65075324a', NULL, 'Love your streams!', 6, TIMESTAMP '2025-12-05 17:11:58.213333', TIMESTAMP '2025-12-05 17:11:58.213333');
INSERT INTO "Comments" ("Id", "PostId", "UserId", "ParentCommentId", "Content", "LikesCount", "CreatedAt", "UpdatedAt") VALUES ('b8840323-421e-4b8e-8201-24b335c457ee', '17f1691a-4e82-4245-83bd-bf1bdbe0dd4d', 'e2ffaeef-5187-4511-a7f3-174ce39ffc2a', NULL, 'Congrats! First of many!', 6, TIMESTAMP '2025-12-05 17:11:58.213333', TIMESTAMP '2025-12-05 17:11:58.213333');
INSERT INTO "Comments" ("Id", "PostId", "UserId", "ParentCommentId", "Content", "LikesCount", "CreatedAt", "UpdatedAt") VALUES ('b757a5f5-cdfc-4dcf-83c1-2a4f0893a650', 'fa972833-763d-4096-a63e-df3dffcc19fc', 'b6233ea7-a2ff-49ae-8c3a-6b305e720f58', NULL, 'Gonna watch for sure', 5, TIMESTAMP '2025-12-05 17:11:58.213333', TIMESTAMP '2025-12-05 17:11:58.213333');
INSERT INTO "Comments" ("Id", "PostId", "UserId", "ParentCommentId", "Content", "LikesCount", "CreatedAt", "UpdatedAt") VALUES ('5ac3087d-fa55-48f2-a03f-2bfe242bbf58', 'ec64cbd3-6595-4dae-9f11-443065b77597', 'ced5ce6e-7631-4433-a26c-a0ba07dcb986', NULL, 'Great recommendations!', 3, TIMESTAMP '2025-12-05 17:11:58.213333', TIMESTAMP '2025-12-05 17:11:58.213333');
INSERT INTO "Comments" ("Id", "PostId", "UserId", "ParentCommentId", "Content", "LikesCount", "CreatedAt", "UpdatedAt") VALUES ('f8c3c4d2-2052-443a-9ed6-2d048c340901', '25f4055e-ae7e-41c0-9435-c62e2493dc50', '0ff9ac64-3deb-450b-b332-aa7ae36fd398', NULL, 'Patch is definitely broken lol', 5, TIMESTAMP '2025-12-05 17:11:58.213333', TIMESTAMP '2025-12-05 17:11:58.213333');
INSERT INTO "Comments" ("Id", "PostId", "UserId", "ParentCommentId", "Content", "LikesCount", "CreatedAt", "UpdatedAt") VALUES ('63be2c5f-1153-4128-8db6-31f49a519755', 'a12c3759-ffbc-4fe6-af26-3de22478e43f', 'e2ffaeef-5187-4511-a7f3-174ce39ffc2a', NULL, 'What rank are you looking for?', 4, TIMESTAMP '2025-12-05 17:11:58.213333', TIMESTAMP '2025-12-05 17:11:58.213333');
INSERT INTO "Comments" ("Id", "PostId", "UserId", "ParentCommentId", "Content", "LikesCount", "CreatedAt", "UpdatedAt") VALUES ('8a73b4e4-c0b3-417d-a48b-32263c6234a9', '9e918182-fdd5-42db-b3a7-a0b340823274', '9642ed4d-193a-4472-b63f-55f0357e6336', NULL, 'My money is on Team Secret', 4, TIMESTAMP '2025-12-05 17:11:58.213333', TIMESTAMP '2025-12-05 17:11:58.213333');
INSERT INTO "Comments" ("Id", "PostId", "UserId", "ParentCommentId", "Content", "LikesCount", "CreatedAt", "UpdatedAt") VALUES ('783ca8c6-d2f6-4352-bcd1-372dc9e72db4', 'eb7d0477-e884-44c5-ab70-573b96eaafc8', 'e2ffaeef-5187-4511-a7f3-174ce39ffc2a', NULL, 'Very helpful tips!', 7, TIMESTAMP '2025-12-05 17:11:58.213333', TIMESTAMP '2025-12-05 17:11:58.213333');
INSERT INTO "Comments" ("Id", "PostId", "UserId", "ParentCommentId", "Content", "LikesCount", "CreatedAt", "UpdatedAt") VALUES ('5bf82d5c-d718-48fb-9aeb-3f9abb0769f8', '17f1691a-4e82-4245-83bd-bf1bdbe0dd4d', '9642ed4d-193a-4472-b63f-55f0357e6336', NULL, 'Nice! Keep it up!', 4, TIMESTAMP '2025-12-05 17:11:58.213333', TIMESTAMP '2025-12-05 17:11:58.213333');
INSERT INTO "Comments" ("Id", "PostId", "UserId", "ParentCommentId", "Content", "LikesCount", "CreatedAt", "UpdatedAt") VALUES ('a2562d6c-5fc5-492e-bcf2-40a82019dbeb', '9e918182-fdd5-42db-b3a7-a0b340823274', 'b6233ea7-a2ff-49ae-8c3a-6b305e720f58', NULL, 'Great analysis!', 3, TIMESTAMP '2025-12-05 17:11:58.213333', TIMESTAMP '2025-12-05 17:11:58.213333');
INSERT INTO "Comments" ("Id", "PostId", "UserId", "ParentCommentId", "Content", "LikesCount", "CreatedAt", "UpdatedAt") VALUES ('45147259-a2a9-4507-9569-4145486cdd6d', '7e06b9f7-da5d-461c-9378-07b1e98cfff1', '0ff9ac64-3deb-450b-b332-aa7ae36fd398', NULL, 'Insane grind! Respect!', 4, TIMESTAMP '2025-12-05 17:11:58.213333', TIMESTAMP '2025-12-05 17:11:58.213333');
INSERT INTO "Comments" ("Id", "PostId", "UserId", "ParentCommentId", "Content", "LikesCount", "CreatedAt", "UpdatedAt") VALUES ('a33203df-d674-4448-be6a-450628763df1', '9e918182-fdd5-42db-b3a7-a0b340823274', 'e2ffaeef-5187-4511-a7f3-174ce39ffc2a', NULL, 'TI predictions are always fun', 7, TIMESTAMP '2025-12-05 17:11:58.213333', TIMESTAMP '2025-12-05 17:11:58.213333');
INSERT INTO "Comments" ("Id", "PostId", "UserId", "ParentCommentId", "Content", "LikesCount", "CreatedAt", "UpdatedAt") VALUES ('58b714c9-c840-4a29-a573-467f62df121b', '25f4055e-ae7e-41c0-9435-c62e2493dc50', 'e2ffaeef-5187-4511-a7f3-174ce39ffc2a', NULL, 'That play at 2:30 was insane!', 8, TIMESTAMP '2025-12-05 17:11:58.213333', TIMESTAMP '2025-12-05 17:11:58.213333');
INSERT INTO "Comments" ("Id", "PostId", "UserId", "ParentCommentId", "Content", "LikesCount", "CreatedAt", "UpdatedAt") VALUES ('dbefb808-ea67-4269-aba3-4d6b8eddd8a1', '9e918182-fdd5-42db-b3a7-a0b340823274', '8017107e-ecd0-4862-bc75-e6cf2bd9eab5', NULL, 'Dark horse pick incoming', 5, TIMESTAMP '2025-12-05 17:11:58.213333', TIMESTAMP '2025-12-05 17:11:58.213333');
INSERT INTO "Comments" ("Id", "PostId", "UserId", "ParentCommentId", "Content", "LikesCount", "CreatedAt", "UpdatedAt") VALUES ('a8da2ea6-2bb4-4fb1-971c-4fb57703b9ee', '4f730dc7-abe6-4885-b59b-b67c90747f50', '812b68c2-0641-4f8d-b1b4-6476f7037269', NULL, 'Love the art style!', 6, TIMESTAMP '2025-12-05 17:11:58.213333', TIMESTAMP '2025-12-05 17:11:58.213333');
INSERT INTO "Comments" ("Id", "PostId", "UserId", "ParentCommentId", "Content", "LikesCount", "CreatedAt", "UpdatedAt") VALUES ('a6908da6-05a2-4fb7-9db6-5a440e7993aa', '25f4055e-ae7e-41c0-9435-c62e2493dc50', '9642ed4d-193a-4472-b63f-55f0357e6336', NULL, 'Nice mechanics bro', 3, TIMESTAMP '2025-12-05 17:11:58.213333', TIMESTAMP '2025-12-05 17:11:58.213333');
INSERT INTO "Comments" ("Id", "PostId", "UserId", "ParentCommentId", "Content", "LikesCount", "CreatedAt", "UpdatedAt") VALUES ('c495283e-3bae-4e73-a7fd-5b3836873c59', '4f730dc7-abe6-4885-b59b-b67c90747f50', 'ced5ce6e-7631-4433-a26c-a0ba07dcb986', NULL, 'Looks professional!', 5, TIMESTAMP '2025-12-05 17:11:58.213333', TIMESTAMP '2025-12-05 17:11:58.213333');
INSERT INTO "Comments" ("Id", "PostId", "UserId", "ParentCommentId", "Content", "LikesCount", "CreatedAt", "UpdatedAt") VALUES ('01ab2e74-bd89-4001-8541-6f30adee8858', '89aa4089-9ecf-434a-99df-f36c7533ec9a', '6aa29523-2037-48c9-a108-e2da2aa23da8', NULL, 'I''m down, let''s go!', 3, TIMESTAMP '2025-12-05 17:11:58.213333', TIMESTAMP '2025-12-05 17:11:58.213333');
INSERT INTO "Comments" ("Id", "PostId", "UserId", "ParentCommentId", "Content", "LikesCount", "CreatedAt", "UpdatedAt") VALUES ('3e4b8ebe-5dc9-4119-92d7-74f0020acd47', '9b299a56-3bc2-4151-b281-c8b3c1bb056d', 'b6233ea7-a2ff-49ae-8c3a-6b305e720f58', NULL, 'Registered already 🔥', 2, TIMESTAMP '2025-12-05 17:11:58.213333', TIMESTAMP '2025-12-05 17:11:58.213333');
INSERT INTO "Comments" ("Id", "PostId", "UserId", "ParentCommentId", "Content", "LikesCount", "CreatedAt", "UpdatedAt") VALUES ('8850d4cb-4e52-4e61-897c-7a0a7b85dec2', 'eb7d0477-e884-44c5-ab70-573b96eaafc8', '812b68c2-0641-4f8d-b1b4-6476f7037269', NULL, 'Thanks for sharing!', 5, TIMESTAMP '2025-12-05 17:11:58.213333', TIMESTAMP '2025-12-05 17:11:58.213333');
INSERT INTO "Comments" ("Id", "PostId", "UserId", "ParentCommentId", "Content", "LikesCount", "CreatedAt", "UpdatedAt") VALUES ('b3413b6c-59ed-48c3-8ddc-7a229612795b', '6c0327e5-0f17-49c5-94e4-3510e4ad5fa9', '9642ed4d-193a-4472-b63f-55f0357e6336', NULL, 'This helps a lot', 5, TIMESTAMP '2025-12-05 17:11:58.213333', TIMESTAMP '2025-12-05 17:11:58.213333');
INSERT INTO "Comments" ("Id", "PostId", "UserId", "ParentCommentId", "Content", "LikesCount", "CreatedAt", "UpdatedAt") VALUES ('5aed86d8-d0f1-4d13-8fae-8296c7e6b37a', 'a9fa8c44-385b-4371-87c6-4fc9a6024c6d', 'e2ffaeef-5187-4511-a7f3-174ce39ffc2a', NULL, 'What time on Saturday?', 2, TIMESTAMP '2025-12-05 17:11:58.213333', TIMESTAMP '2025-12-05 17:11:58.213333');
INSERT INTO "Comments" ("Id", "PostId", "UserId", "ParentCommentId", "Content", "LikesCount", "CreatedAt", "UpdatedAt") VALUES ('f152fe96-590c-4741-ab3f-860b2ffd53bc', '7e06b9f7-da5d-461c-9378-07b1e98cfff1', 'b6233ea7-a2ff-49ae-8c3a-6b305e720f58', NULL, 'Let''s duo queue sometime!', 2, TIMESTAMP '2025-12-05 17:11:58.213333', TIMESTAMP '2025-12-05 17:11:58.213333');
INSERT INTO "Comments" ("Id", "PostId", "UserId", "ParentCommentId", "Content", "LikesCount", "CreatedAt", "UpdatedAt") VALUES ('420ed1fc-f074-4fda-a8fc-8b3a72650ca0', '9b299a56-3bc2-4151-b281-c8b3c1bb056d', '9642ed4d-193a-4472-b63f-55f0357e6336', NULL, 'What time does it start?', 1, TIMESTAMP '2025-12-05 17:11:58.213333', TIMESTAMP '2025-12-05 17:11:58.213333');
INSERT INTO "Comments" ("Id", "PostId", "UserId", "ParentCommentId", "Content", "LikesCount", "CreatedAt", "UpdatedAt") VALUES ('0d3cfd17-05a3-48e4-8b94-91129616c2fa', '506c964c-7336-4fe7-a2dd-c2db5c1bc8cf', '9642ed4d-193a-4472-b63f-55f0357e6336', NULL, 'That''s insane! How long did it take?', 6, TIMESTAMP '2025-12-05 17:11:58.213333', TIMESTAMP '2025-12-05 17:11:58.213333');
INSERT INTO "Comments" ("Id", "PostId", "UserId", "ParentCommentId", "Content", "LikesCount", "CreatedAt", "UpdatedAt") VALUES ('e41911f5-175c-4436-ac79-958b1ffb0c00', 'a9fa8c44-385b-4371-87c6-4fc9a6024c6d', '8017107e-ecd0-4862-bc75-e6cf2bd9eab5', NULL, 'Sounds fun!', 2, TIMESTAMP '2025-12-05 17:11:58.213333', TIMESTAMP '2025-12-05 17:11:58.213333');
INSERT INTO "Comments" ("Id", "PostId", "UserId", "ParentCommentId", "Content", "LikesCount", "CreatedAt", "UpdatedAt") VALUES ('674335b0-9879-4b51-99b6-95ad7214b3c8', '506c964c-7336-4fe7-a2dd-c2db5c1bc8cf', 'e2ffaeef-5187-4511-a7f3-174ce39ffc2a', NULL, 'Wow! New record?', 8, TIMESTAMP '2025-12-05 17:11:58.213333', TIMESTAMP '2025-12-05 17:11:58.213333');
INSERT INTO "Comments" ("Id", "PostId", "UserId", "ParentCommentId", "Content", "LikesCount", "CreatedAt", "UpdatedAt") VALUES ('3dbe962a-d79b-4803-815b-982b21545788', '506c964c-7336-4fe7-a2dd-c2db5c1bc8cf', '6cce5b34-5f21-4aee-8335-80a65075324a', NULL, 'Speedrunning is crazy', 4, TIMESTAMP '2025-12-05 17:11:58.213333', TIMESTAMP '2025-12-05 17:11:58.213333');
INSERT INTO "Comments" ("Id", "PostId", "UserId", "ParentCommentId", "Content", "LikesCount", "CreatedAt", "UpdatedAt") VALUES ('8cd20660-9629-44f8-9836-9a6013c5a0e8', '675e84ea-beb9-459d-89a2-d2573099a164', 'e2ffaeef-5187-4511-a7f3-174ce39ffc2a', NULL, 'On my way!', 1, TIMESTAMP '2025-12-05 17:11:58.213333', TIMESTAMP '2025-12-05 17:11:58.213333');
INSERT INTO "Comments" ("Id", "PostId", "UserId", "ParentCommentId", "Content", "LikesCount", "CreatedAt", "UpdatedAt") VALUES ('16adcbd8-7b89-4be0-a8d7-9c44da45e797', '675e84ea-beb9-459d-89a2-d2573099a164', '9642ed4d-193a-4472-b63f-55f0357e6336', NULL, 'Followed! Great content', 2, TIMESTAMP '2025-12-05 17:11:58.213333', TIMESTAMP '2025-12-05 17:11:58.213333');
INSERT INTO "Comments" ("Id", "PostId", "UserId", "ParentCommentId", "Content", "LikesCount", "CreatedAt", "UpdatedAt") VALUES ('780e94fa-263d-4afe-b6b0-a86aae680732', 'fa972833-763d-4096-a63e-df3dffcc19fc', 'e2ffaeef-5187-4511-a7f3-174ce39ffc2a', NULL, 'I''ll be there!', 3, TIMESTAMP '2025-12-05 17:11:58.213333', TIMESTAMP '2025-12-05 17:11:58.213333');
INSERT INTO "Comments" ("Id", "PostId", "UserId", "ParentCommentId", "Content", "LikesCount", "CreatedAt", "UpdatedAt") VALUES ('bf4846f1-e776-4c18-9b61-b1ea7f5914da', '4f730dc7-abe6-4885-b59b-b67c90747f50', 'e2ffaeef-5187-4511-a7f3-174ce39ffc2a', NULL, 'This looks amazing!', 8, TIMESTAMP '2025-12-05 17:11:58.213333', TIMESTAMP '2025-12-05 17:11:58.213333');
INSERT INTO "Comments" ("Id", "PostId", "UserId", "ParentCommentId", "Content", "LikesCount", "CreatedAt", "UpdatedAt") VALUES ('407e1659-9169-44c8-83d2-b87b005c5b33', 'ec64cbd3-6595-4dae-9f11-443065b77597', '09c31bd3-2336-4135-86f8-a82083a991f4', NULL, 'I need new games to play', 4, TIMESTAMP '2025-12-05 17:11:58.213333', TIMESTAMP '2025-12-05 17:11:58.213333');
INSERT INTO "Comments" ("Id", "PostId", "UserId", "ParentCommentId", "Content", "LikesCount", "CreatedAt", "UpdatedAt") VALUES ('de2b4c85-6985-4a0d-9567-c003b765fce3', '7e06b9f7-da5d-461c-9378-07b1e98cfff1', '8017107e-ecd0-4862-bc75-e6cf2bd9eab5', NULL, 'Amazing! Teach me your ways 😄', 3, TIMESTAMP '2025-12-05 17:11:58.213333', TIMESTAMP '2025-12-05 17:11:58.213333');
INSERT INTO "Comments" ("Id", "PostId", "UserId", "ParentCommentId", "Content", "LikesCount", "CreatedAt", "UpdatedAt") VALUES ('8b277c56-027b-49d5-84d3-c14b1dec87ed', 'a12c3759-ffbc-4fe6-af26-3de22478e43f', 'bdd084bb-f5ab-4647-a07d-936aaac85808', NULL, 'I might be interested', 3, TIMESTAMP '2025-12-05 17:11:58.213333', TIMESTAMP '2025-12-05 17:11:58.213333');
INSERT INTO "Comments" ("Id", "PostId", "UserId", "ParentCommentId", "Content", "LikesCount", "CreatedAt", "UpdatedAt") VALUES ('496860a6-e62c-47e8-b1ce-cbc552e0554f', '6c0327e5-0f17-49c5-94e4-3510e4ad5fa9', 'e2ffaeef-5187-4511-a7f3-174ce39ffc2a', NULL, 'Thanks for the breakdown!', 9, TIMESTAMP '2025-12-05 17:11:58.213333', TIMESTAMP '2025-12-05 17:11:58.213333');
INSERT INTO "Comments" ("Id", "PostId", "UserId", "ParentCommentId", "Content", "LikesCount", "CreatedAt", "UpdatedAt") VALUES ('efe56ea4-c2ec-4b67-83e8-ce0508b7e4fe', 'eb7d0477-e884-44c5-ab70-573b96eaafc8', 'ced5ce6e-7631-4433-a26c-a0ba07dcb986', NULL, 'Great advice!', 3, TIMESTAMP '2025-12-05 17:11:58.213333', TIMESTAMP '2025-12-05 17:11:58.213333');
INSERT INTO "Comments" ("Id", "PostId", "UserId", "ParentCommentId", "Content", "LikesCount", "CreatedAt", "UpdatedAt") VALUES ('13dd4e42-d390-494a-96fa-d7bed538d237', '4f730dc7-abe6-4885-b59b-b67c90747f50', '6cce5b34-5f21-4aee-8335-80a65075324a', NULL, 'When is it releasing?', 4, TIMESTAMP '2025-12-05 17:11:58.213333', TIMESTAMP '2025-12-05 17:11:58.213333');
INSERT INTO "Comments" ("Id", "PostId", "UserId", "ParentCommentId", "Content", "LikesCount", "CreatedAt", "UpdatedAt") VALUES ('9d13ef4e-608f-4fb8-928b-e336639b6864', '7e06b9f7-da5d-461c-9378-07b1e98cfff1', '9642ed4d-193a-4472-b63f-55f0357e6336', NULL, 'Congrats! Well deserved!', 5, TIMESTAMP '2025-12-05 17:11:58.213333', TIMESTAMP '2025-12-05 17:11:58.213333');
INSERT INTO "Comments" ("Id", "PostId", "UserId", "ParentCommentId", "Content", "LikesCount", "CreatedAt", "UpdatedAt") VALUES ('65415f4b-8763-4825-bf52-e66b929f9441', '89aa4089-9ecf-434a-99df-f36c7533ec9a', 'e2ffaeef-5187-4511-a7f3-174ce39ffc2a', NULL, 'I can join! What rank?', 4, TIMESTAMP '2025-12-05 17:11:58.213333', TIMESTAMP '2025-12-05 17:11:58.213333');
INSERT INTO "Comments" ("Id", "PostId", "UserId", "ParentCommentId", "Content", "LikesCount", "CreatedAt", "UpdatedAt") VALUES ('edd55f48-d75e-451a-a397-eb374f3c84eb', 'a12c3759-ffbc-4fe6-af26-3de22478e43f', '8017107e-ecd0-4862-bc75-e6cf2bd9eab5', NULL, 'Good luck finding teammates!', 2, TIMESTAMP '2025-12-05 17:11:58.213333', TIMESTAMP '2025-12-05 17:11:58.213333');
INSERT INTO "Comments" ("Id", "PostId", "UserId", "ParentCommentId", "Content", "LikesCount", "CreatedAt", "UpdatedAt") VALUES ('2ee71024-7a86-4e53-abc3-f05deeecb633', 'eb7d0477-e884-44c5-ab70-573b96eaafc8', '09c31bd3-2336-4135-86f8-a82083a991f4', NULL, 'Bookmarking this!', 4, TIMESTAMP '2025-12-05 17:11:58.213333', TIMESTAMP '2025-12-05 17:11:58.213333');
INSERT INTO "Comments" ("Id", "PostId", "UserId", "ParentCommentId", "Content", "LikesCount", "CreatedAt", "UpdatedAt") VALUES ('b4464be8-04d7-4924-b888-f7a7c9cd202f', '6c0327e5-0f17-49c5-94e4-3510e4ad5fa9', '8017107e-ecd0-4862-bc75-e6cf2bd9eab5', NULL, 'Great content as always', 7, TIMESTAMP '2025-12-05 17:11:58.213333', TIMESTAMP '2025-12-05 17:11:58.213333');
INSERT INTO "Comments" ("Id", "PostId", "UserId", "ParentCommentId", "Content", "LikesCount", "CreatedAt", "UpdatedAt") VALUES ('c042d5a0-ebdc-495e-a66a-fb466e98bf52', '17f1691a-4e82-4245-83bd-bf1bdbe0dd4d', 'b6233ea7-a2ff-49ae-8c3a-6b305e720f58', NULL, 'That''s awesome!', 3, TIMESTAMP '2025-12-05 17:11:58.213333', TIMESTAMP '2025-12-05 17:11:58.213333');
INSERT INTO "Comments" ("Id", "PostId", "UserId", "ParentCommentId", "Content", "LikesCount", "CreatedAt", "UpdatedAt") VALUES ('99bb9744-752c-4ba3-9f68-fd01810911af', 'fa972833-763d-4096-a63e-df3dffcc19fc', '9642ed4d-193a-4472-b63f-55f0357e6336', NULL, '12 hours? That''s dedication!', 8, TIMESTAMP '2025-12-05 17:11:58.213333', TIMESTAMP '2025-12-05 17:11:58.213333');

-- DailyStatistics: 8 rows
INSERT INTO "DailyStatistics" ("Id", "StatDate", "NewUsers", "ActiveUsers", "TotalPosts", "TotalComments", "TotalVideos", "TotalGameLaunches", "TotalRevenue", "TotalOrders", "CreatedAt") VALUES ('e4c5d71c-8362-4cc7-b2c8-2aaa64471e42', DATE '2025-11-28', 12, 156, 28, 67, 4, 234, 1200000.00, 6, TIMESTAMP '2025-12-05 17:11:58.350000');
INSERT INTO "DailyStatistics" ("Id", "StatDate", "NewUsers", "ActiveUsers", "TotalPosts", "TotalComments", "TotalVideos", "TotalGameLaunches", "TotalRevenue", "TotalOrders", "CreatedAt") VALUES ('13a2d2a5-3cb3-4b0c-912c-2b26df94fde8', DATE '2025-12-04', 23, 345, 67, 189, 12, 678, 3200000.00, 18, TIMESTAMP '2025-12-05 17:11:58.350000');
INSERT INTO "DailyStatistics" ("Id", "StatDate", "NewUsers", "ActiveUsers", "TotalPosts", "TotalComments", "TotalVideos", "TotalGameLaunches", "TotalRevenue", "TotalOrders", "CreatedAt") VALUES ('862731da-8861-4a16-a33f-4186089e7d05', DATE '2025-12-03', 15, 234, 45, 123, 8, 567, 2500000.00, 12, TIMESTAMP '2025-12-05 17:11:58.350000');
INSERT INTO "DailyStatistics" ("Id", "StatDate", "NewUsers", "ActiveUsers", "TotalPosts", "TotalComments", "TotalVideos", "TotalGameLaunches", "TotalRevenue", "TotalOrders", "CreatedAt") VALUES ('7690e2ce-f9cd-4a8a-a915-55ce9f7c9b33', DATE '2025-11-29', 18, 201, 35, 89, 6, 312, 1800000.00, 9, TIMESTAMP '2025-12-05 17:11:58.350000');
INSERT INTO "DailyStatistics" ("Id", "StatDate", "NewUsers", "ActiveUsers", "TotalPosts", "TotalComments", "TotalVideos", "TotalGameLaunches", "TotalRevenue", "TotalOrders", "CreatedAt") VALUES ('612eeaf2-eebf-4cb3-90a2-5d8bbff32abe', DATE '2025-12-01', 19, 289, 48, 134, 9, 456, 2400000.00, 13, TIMESTAMP '2025-12-05 17:11:58.350000');
INSERT INTO "DailyStatistics" ("Id", "StatDate", "NewUsers", "ActiveUsers", "TotalPosts", "TotalComments", "TotalVideos", "TotalGameLaunches", "TotalRevenue", "TotalOrders", "CreatedAt") VALUES ('5b8aee70-5416-4207-a0ea-72d043c3fe0a', DATE '2025-12-05', 18, 289, 52, 145, 10, 589, 2800000.00, 15, TIMESTAMP '2025-12-05 17:11:58.350000');
INSERT INTO "DailyStatistics" ("Id", "StatDate", "NewUsers", "ActiveUsers", "TotalPosts", "TotalComments", "TotalVideos", "TotalGameLaunches", "TotalRevenue", "TotalOrders", "CreatedAt") VALUES ('2d3cab2c-6199-4082-baf6-7b3088f1ca0b', DATE '2025-12-02', 25, 312, 56, 156, 11, 523, 2700000.00, 15, TIMESTAMP '2025-12-05 17:11:58.350000');
INSERT INTO "DailyStatistics" ("Id", "StatDate", "NewUsers", "ActiveUsers", "TotalPosts", "TotalComments", "TotalVideos", "TotalGameLaunches", "TotalRevenue", "TotalOrders", "CreatedAt") VALUES ('5a1f8613-4f0a-4ece-8fc7-92a585930cc7', DATE '2025-11-30', 22, 267, 42, 112, 8, 401, 2100000.00, 11, TIMESTAMP '2025-12-05 17:11:58.350000');

-- EmailTemplates: 8 rows
INSERT INTO "EmailTemplates" ("Id", "TemplateName", "Subject", "HtmlBody", "TextBody", "Category", "Variables", "IsActive", "UpdatedBy", "UpdatedAt", "CreatedAt") VALUES ('a5f2ff08-fb1c-47ee-a86e-24f99c58103c', 'tournament_invitation', 'You''re Invited to {{tournament_name}}!', '<h1>Tournament Invitation</h1><p>Join {{tournament_name}} and compete!</p>', 'You''re invited to {{tournament_name}}!', 'event', '["username", "tournament_name", "tournament_link"]', TRUE, '44f5fcd8-f943-42ea-ae13-3a3cd4f3e69c', TIMESTAMP '2025-12-05 17:11:58.350000', TIMESTAMP '2025-12-05 17:11:58.350000');
INSERT INTO "EmailTemplates" ("Id", "TemplateName", "Subject", "HtmlBody", "TextBody", "Category", "Variables", "IsActive", "UpdatedBy", "UpdatedAt", "CreatedAt") VALUES ('59536c69-1cab-45c8-bd8b-30d7d1638869', 'password_reset', 'Reset Your Password', '<h1>Password Reset</h1><p>Click here to reset: {{reset_link}}</p>', 'Password Reset. Click here: {{reset_link}}', 'security', '["username", "reset_link"]', TRUE, '44f5fcd8-f943-42ea-ae13-3a3cd4f3e69c', TIMESTAMP '2025-12-05 17:11:58.350000', TIMESTAMP '2025-12-05 17:11:58.350000');
INSERT INTO "EmailTemplates" ("Id", "TemplateName", "Subject", "HtmlBody", "TextBody", "Category", "Variables", "IsActive", "UpdatedBy", "UpdatedAt", "CreatedAt") VALUES ('e7cda821-08a4-44a8-a1c7-371cccf4142b', 'video_upload_confirmation', 'Video Upload Successful', '<h1>Upload Confirmed</h1><p>Your video {{video_title}} has been uploaded!</p>', 'Video {{video_title}} uploaded successfully', 'content', '["username", "video_title", "video_link"]', TRUE, '44f5fcd8-f943-42ea-ae13-3a3cd4f3e69c', TIMESTAMP '2025-12-05 17:11:58.350000', TIMESTAMP '2025-12-05 17:11:58.350000');
INSERT INTO "EmailTemplates" ("Id", "TemplateName", "Subject", "HtmlBody", "TextBody", "Category", "Variables", "IsActive", "UpdatedBy", "UpdatedAt", "CreatedAt") VALUES ('1ceadd81-0f54-4239-bc2f-38b794a3c2a4', 'product_purchase_confirmation', 'Purchase Successful', '<h1>Thank You!</h1><p>Your purchase of {{product_name}} is confirmed!</p>', 'Purchase of {{product_name}} confirmed', 'store', '["username", "product_name", "order_id"]', TRUE, '44f5fcd8-f943-42ea-ae13-3a3cd4f3e69c', TIMESTAMP '2025-12-05 17:11:58.350000', TIMESTAMP '2025-12-05 17:11:58.350000');
INSERT INTO "EmailTemplates" ("Id", "TemplateName", "Subject", "HtmlBody", "TextBody", "Category", "Variables", "IsActive", "UpdatedBy", "UpdatedAt", "CreatedAt") VALUES ('ff85c1a4-638a-46a7-b40c-5ee37a438d2e', 'welcome_email', 'Welcome to GGZone!', '<h1>Welcome {{username}}!</h1><p>Thank you for joining GGZone.</p>', 'Welcome {{username}}! Thank you for joining GGZone.', 'user', '["username", "email"]', TRUE, '44f5fcd8-f943-42ea-ae13-3a3cd4f3e69c', TIMESTAMP '2025-12-05 17:11:58.350000', TIMESTAMP '2025-12-05 17:11:58.350000');
INSERT INTO "EmailTemplates" ("Id", "TemplateName", "Subject", "HtmlBody", "TextBody", "Category", "Variables", "IsActive", "UpdatedBy", "UpdatedAt", "CreatedAt") VALUES ('63718d7c-1a25-4972-8fe9-a135c96dae22', 'achievement_unlocked', 'Achievement Unlocked!', '<h1>Congratulations!</h1><p>You unlocked: {{achievement_name}}</p>', 'You unlocked {{achievement_name}}!', 'gamification', '["username", "achievement_name", "achievement_icon"]', TRUE, '44f5fcd8-f943-42ea-ae13-3a3cd4f3e69c', TIMESTAMP '2025-12-05 17:11:58.350000', TIMESTAMP '2025-12-05 17:11:58.350000');
INSERT INTO "EmailTemplates" ("Id", "TemplateName", "Subject", "HtmlBody", "TextBody", "Category", "Variables", "IsActive", "UpdatedBy", "UpdatedAt", "CreatedAt") VALUES ('cbd2610c-bd2e-48bf-a360-a2e55710dcc5', 'friend_request_notification', 'New Friend Request', '<h1>Friend Request</h1><p>{{friend_name}} sent you a friend request!</p>', '{{friend_name}} sent you a friend request', 'social', '["username", "friend_name", "friend_link"]', TRUE, '44f5fcd8-f943-42ea-ae13-3a3cd4f3e69c', TIMESTAMP '2025-12-05 17:11:58.350000', TIMESTAMP '2025-12-05 17:11:58.350000');
INSERT INTO "EmailTemplates" ("Id", "TemplateName", "Subject", "HtmlBody", "TextBody", "Category", "Variables", "IsActive", "UpdatedBy", "UpdatedAt", "CreatedAt") VALUES ('7851c3ae-58ae-43cb-ab50-dcdff12cee69', 'order_confirmation', 'Order Confirmed', '<h1>Order #{{order_id}}</h1><p>Total: {{total_amount}}</p>', 'Order #{{order_id}} confirmed. Total: {{total_amount}}', 'transaction', '["order_id", "total_amount", "items"]', TRUE, '44f5fcd8-f943-42ea-ae13-3a3cd4f3e69c', TIMESTAMP '2025-12-05 17:11:58.350000', TIMESTAMP '2025-12-05 17:11:58.350000');

-- FeaturedContent: 6 rows
INSERT INTO "FeaturedContent" ("Id", "ContentType", "ContentId", "Title", "Description", "ImageUrl", "DisplayOrder", "StartDate", "EndDate", "IsActive", "CreatedBy", "CreatedAt") VALUES ('cd849cd1-a52f-4810-8258-2abe922a7852', 'product', 'bce67782-4e08-4276-8faf-f7bb6d655dd8', 'VIP Membership Special', 'Get exclusive access today', 'https://images.unsplash.com/photo-1511512578047-dfb367046420', 7, TIMESTAMP '2025-12-01 17:11:58.350000', TIMESTAMP '2025-12-31 17:11:58.350000', TRUE, '44f5fcd8-f943-42ea-ae13-3a3cd4f3e69c', TIMESTAMP '2025-12-05 17:11:58.350000');
INSERT INTO "FeaturedContent" ("Id", "ContentType", "ContentId", "Title", "Description", "ImageUrl", "DisplayOrder", "StartDate", "EndDate", "IsActive", "CreatedBy", "CreatedAt") VALUES ('7dca8ad3-971c-4dc9-8c68-5e59ecc025c0', 'video', 'cb33e2e0-d34b-430a-9aa2-ddc9c8d521e8', 'Featured Tutorial', 'Learn from the best', 'https://images.unsplash.com/photo-1542751371-adc38448a05e', 5, TIMESTAMP '2025-12-03 17:11:58.350000', TIMESTAMP '2025-12-10 17:11:58.350000', TRUE, '44f5fcd8-f943-42ea-ae13-3a3cd4f3e69c', TIMESTAMP '2025-12-05 17:11:58.350000');
INSERT INTO "FeaturedContent" ("Id", "ContentType", "ContentId", "Title", "Description", "ImageUrl", "DisplayOrder", "StartDate", "EndDate", "IsActive", "CreatedBy", "CreatedAt") VALUES ('2427cd17-dc30-4bba-a4fb-6b73a0c477d3', 'game', 'ea468f6a-f9af-4a89-a29a-c69b89ab6721', 'Valorant - Featured Game', 'Tactical shooter of the month', 'https://images.unsplash.com/photo-1542751371-adc38448a05e', 1, TIMESTAMP '2025-11-30 17:11:58.350000', TIMESTAMP '2025-12-30 17:11:58.350000', TRUE, '44f5fcd8-f943-42ea-ae13-3a3cd4f3e69c', TIMESTAMP '2025-12-05 17:11:58.350000');
INSERT INTO "FeaturedContent" ("Id", "ContentType", "ContentId", "Title", "Description", "ImageUrl", "DisplayOrder", "StartDate", "EndDate", "IsActive", "CreatedBy", "CreatedAt") VALUES ('45018842-c4e6-470a-91a6-c9e7f26a15f0', 'game', 'af29bbea-cc12-4208-988b-56d2962214d8', 'Dota 2 - MOBA Classic', 'The ultimate competitive MOBA', 'https://images.unsplash.com/photo-1552820728-8b83bb6b773f', 2, TIMESTAMP '2025-12-02 17:11:58.350000', TIMESTAMP '2026-01-01 17:11:58.350000', TRUE, '44f5fcd8-f943-42ea-ae13-3a3cd4f3e69c', TIMESTAMP '2025-12-05 17:11:58.350000');
INSERT INTO "FeaturedContent" ("Id", "ContentType", "ContentId", "Title", "Description", "ImageUrl", "DisplayOrder", "StartDate", "EndDate", "IsActive", "CreatedBy", "CreatedAt") VALUES ('8e56f7a8-7981-4981-87d1-cf1502a80291', 'video', '7d5e0337-0332-4561-8a16-437c8e009681', 'Speedrun World Record', 'Amazing speedrun achievement', 'https://images.unsplash.com/photo-1560253023-3ec5d502959f', 6, TIMESTAMP '2025-12-04 17:11:58.350000', TIMESTAMP '2025-12-11 17:11:58.350000', TRUE, '44f5fcd8-f943-42ea-ae13-3a3cd4f3e69c', TIMESTAMP '2025-12-05 17:11:58.350000');
INSERT INTO "FeaturedContent" ("Id", "ContentType", "ContentId", "Title", "Description", "ImageUrl", "DisplayOrder", "StartDate", "EndDate", "IsActive", "CreatedBy", "CreatedAt") VALUES ('8d05b6b6-9356-494e-bdcb-d7a2143bb49e', 'product', 'dc8b628c-cefe-4741-9081-e021a4d5288f', 'Tournament Pass Sale', 'Limited time offer on tournament access', 'https://images.unsplash.com/photo-1538481199705-c710c4e965fc', 8, TIMESTAMP '2025-12-04 17:11:58.350000', TIMESTAMP '2026-01-03 17:11:58.350000', TRUE, '44f5fcd8-f943-42ea-ae13-3a3cd4f3e69c', TIMESTAMP '2025-12-05 17:11:58.350000');

-- Friendships: 22 rows
INSERT INTO "Friendships" ("Id", "UserId", "FriendId", "Status", "CreatedAt") VALUES ('826ec688-0222-4874-be6b-045f3de38cbf', '9642ed4d-193a-4472-b63f-55f0357e6336', '8017107e-ecd0-4862-bc75-e6cf2bd9eab5', 'accepted', TIMESTAMP '2025-12-05 17:11:58.183333');
INSERT INTO "Friendships" ("Id", "UserId", "FriendId", "Status", "CreatedAt") VALUES ('f52b87b3-e944-4226-bef6-0fe491b2e163', '8017107e-ecd0-4862-bc75-e6cf2bd9eab5', 'b6233ea7-a2ff-49ae-8c3a-6b305e720f58', 'accepted', TIMESTAMP '2025-12-05 17:11:58.183333');
INSERT INTO "Friendships" ("Id", "UserId", "FriendId", "Status", "CreatedAt") VALUES ('35756847-8760-428d-b9bb-1e6d40437d68', 'e2ffaeef-5187-4511-a7f3-174ce39ffc2a', 'b6233ea7-a2ff-49ae-8c3a-6b305e720f58', 'accepted', TIMESTAMP '2025-12-05 17:11:58.183333');
INSERT INTO "Friendships" ("Id", "UserId", "FriendId", "Status", "CreatedAt") VALUES ('7bbdd060-e656-46d7-a7b2-213aa96d7789', '9642ed4d-193a-4472-b63f-55f0357e6336', '910e8f9b-6f94-4b0e-bf8f-cf1bcbba5552', 'accepted', TIMESTAMP '2025-12-05 17:11:58.183333');
INSERT INTO "Friendships" ("Id", "UserId", "FriendId", "Status", "CreatedAt") VALUES ('950c8d87-075b-49b6-ab3e-334d3f3be775', '8017107e-ecd0-4862-bc75-e6cf2bd9eab5', '0ff9ac64-3deb-450b-b332-aa7ae36fd398', 'accepted', TIMESTAMP '2025-12-05 17:11:58.183333');
INSERT INTO "Friendships" ("Id", "UserId", "FriendId", "Status", "CreatedAt") VALUES ('3a4f8239-760b-4a71-921e-4c87e565d60e', 'b6233ea7-a2ff-49ae-8c3a-6b305e720f58', '6cce5b34-5f21-4aee-8335-80a65075324a', 'accepted', TIMESTAMP '2025-12-05 17:11:58.183333');
INSERT INTO "Friendships" ("Id", "UserId", "FriendId", "Status", "CreatedAt") VALUES ('ef7ce54e-5416-41ad-9ec2-50b87913253a', '0ff9ac64-3deb-450b-b332-aa7ae36fd398', '6aa29523-2037-48c9-a108-e2da2aa23da8', 'accepted', TIMESTAMP '2025-12-05 17:11:58.183333');
INSERT INTO "Friendships" ("Id", "UserId", "FriendId", "Status", "CreatedAt") VALUES ('7db197c8-4c9b-4e5f-b091-6972cc2b40f8', 'e2ffaeef-5187-4511-a7f3-174ce39ffc2a', '9642ed4d-193a-4472-b63f-55f0357e6336', 'accepted', TIMESTAMP '2025-12-05 17:11:58.183333');
INSERT INTO "Friendships" ("Id", "UserId", "FriendId", "Status", "CreatedAt") VALUES ('ac4c69db-785c-4fe3-9180-6bad29f4f8c3', '8017107e-ecd0-4862-bc75-e6cf2bd9eab5', '6aa29523-2037-48c9-a108-e2da2aa23da8', 'accepted', TIMESTAMP '2025-12-05 17:11:58.183333');
INSERT INTO "Friendships" ("Id", "UserId", "FriendId", "Status", "CreatedAt") VALUES ('6d8744df-097f-4d47-bf6e-7549cdfff998', '910e8f9b-6f94-4b0e-bf8f-cf1bcbba5552', '7fea2a14-819d-43cb-b37c-23f3f6966ea5', 'accepted', TIMESTAMP '2025-12-05 17:11:58.183333');
INSERT INTO "Friendships" ("Id", "UserId", "FriendId", "Status", "CreatedAt") VALUES ('c31e632e-b0b9-4f46-8a7f-8261bef18ee5', '0ff9ac64-3deb-450b-b332-aa7ae36fd398', 'bdd084bb-f5ab-4647-a07d-936aaac85808', 'accepted', TIMESTAMP '2025-12-05 17:11:58.183333');
INSERT INTO "Friendships" ("Id", "UserId", "FriendId", "Status", "CreatedAt") VALUES ('3893e32a-5d06-4917-a26f-85b2f8487606', '6aa29523-2037-48c9-a108-e2da2aa23da8', '910e8f9b-6f94-4b0e-bf8f-cf1bcbba5552', 'accepted', TIMESTAMP '2025-12-05 17:11:58.183333');
INSERT INTO "Friendships" ("Id", "UserId", "FriendId", "Status", "CreatedAt") VALUES ('c7fdd90b-05ef-4265-8e2c-9705e39dbdb8', 'e2ffaeef-5187-4511-a7f3-174ce39ffc2a', '0ff9ac64-3deb-450b-b332-aa7ae36fd398', 'accepted', TIMESTAMP '2025-12-05 17:11:58.183333');
INSERT INTO "Friendships" ("Id", "UserId", "FriendId", "Status", "CreatedAt") VALUES ('552fab3e-b8fd-4d74-ba91-9ccc889197e4', '09c31bd3-2336-4135-86f8-a82083a991f4', 'e72130fb-1619-4202-a79f-6604ade34f01', 'accepted', TIMESTAMP '2025-12-05 17:11:58.183333');
INSERT INTO "Friendships" ("Id", "UserId", "FriendId", "Status", "CreatedAt") VALUES ('c8d7ce80-d0a1-4761-9472-b01012d8effa', '6cce5b34-5f21-4aee-8335-80a65075324a', '7fea2a14-819d-43cb-b37c-23f3f6966ea5', 'accepted', TIMESTAMP '2025-12-05 17:11:58.183333');
INSERT INTO "Friendships" ("Id", "UserId", "FriendId", "Status", "CreatedAt") VALUES ('091ecb1d-8d09-4ae8-a22d-c6edd9c457c1', '9642ed4d-193a-4472-b63f-55f0357e6336', 'b6233ea7-a2ff-49ae-8c3a-6b305e720f58', 'pending', TIMESTAMP '2025-12-05 17:11:58.183333');
INSERT INTO "Friendships" ("Id", "UserId", "FriendId", "Status", "CreatedAt") VALUES ('c50d738a-499b-4314-9bda-d813beef8293', '812b68c2-0641-4f8d-b1b4-6476f7037269', 'ced5ce6e-7631-4433-a26c-a0ba07dcb986', 'accepted', TIMESTAMP '2025-12-05 17:11:58.183333');
INSERT INTO "Friendships" ("Id", "UserId", "FriendId", "Status", "CreatedAt") VALUES ('389993ee-d88c-4794-97ec-df59132061a2', 'bdd084bb-f5ab-4647-a07d-936aaac85808', '6cce5b34-5f21-4aee-8335-80a65075324a', 'accepted', TIMESTAMP '2025-12-05 17:11:58.183333');
INSERT INTO "Friendships" ("Id", "UserId", "FriendId", "Status", "CreatedAt") VALUES ('bda3b409-744c-4fab-9b44-eb2db6e4ca3e', 'e2ffaeef-5187-4511-a7f3-174ce39ffc2a', '8017107e-ecd0-4862-bc75-e6cf2bd9eab5', 'accepted', TIMESTAMP '2025-12-05 17:11:58.183333');
INSERT INTO "Friendships" ("Id", "UserId", "FriendId", "Status", "CreatedAt") VALUES ('b85fe35b-7d33-4916-b9ae-ee03a3ae693a', 'ced5ce6e-7631-4433-a26c-a0ba07dcb986', '7fea2a14-819d-43cb-b37c-23f3f6966ea5', 'accepted', TIMESTAMP '2025-12-05 17:11:58.183333');
INSERT INTO "Friendships" ("Id", "UserId", "FriendId", "Status", "CreatedAt") VALUES ('6b74eb68-ec34-4311-844e-ee1a91145379', 'b6233ea7-a2ff-49ae-8c3a-6b305e720f58', 'ced5ce6e-7631-4433-a26c-a0ba07dcb986', 'pending', TIMESTAMP '2025-12-05 17:11:58.183333');
INSERT INTO "Friendships" ("Id", "UserId", "FriendId", "Status", "CreatedAt") VALUES ('bd13c6d3-776a-4500-bc13-fdc5546c63a1', 'e2ffaeef-5187-4511-a7f3-174ce39ffc2a', 'bdd084bb-f5ab-4647-a07d-936aaac85808', 'accepted', TIMESTAMP '2025-12-05 17:11:58.183333');

-- FriendSuggestions: 4 rows
INSERT INTO "FriendSuggestions" ("Id", "UserId", "SuggestedUserId", "Reason", "Score", "IsShown", "CreatedAt") VALUES ('ffb9b3e5-f7b8-496c-a8a8-1531ef3fb826', '9642ed4d-193a-4472-b63f-55f0357e6336', '44f5fcd8-f943-42ea-ae13-3a3cd4f3e69c', 'mutual_friends', 82.30, TRUE, TIMESTAMP '2025-12-05 17:11:58.343333');
INSERT INTO "FriendSuggestions" ("Id", "UserId", "SuggestedUserId", "Reason", "Score", "IsShown", "CreatedAt") VALUES ('c64b8c3c-eca0-40e6-8feb-7990067dbfd4', 'b6233ea7-a2ff-49ae-8c3a-6b305e720f58', '44f5fcd8-f943-42ea-ae13-3a3cd4f3e69c', 'same_group', 68.90, TRUE, TIMESTAMP '2025-12-05 17:11:58.343333');
INSERT INTO "FriendSuggestions" ("Id", "UserId", "SuggestedUserId", "Reason", "Score", "IsShown", "CreatedAt") VALUES ('84ac1efd-1ed9-4480-bcf0-9dbd3458c668', 'e2ffaeef-5187-4511-a7f3-174ce39ffc2a', '44f5fcd8-f943-42ea-ae13-3a3cd4f3e69c', 'same_game', 75.50, FALSE, TIMESTAMP '2025-12-05 17:11:58.343333');
INSERT INTO "FriendSuggestions" ("Id", "UserId", "SuggestedUserId", "Reason", "Score", "IsShown", "CreatedAt") VALUES ('58d6141d-7841-4e7b-8792-ded426a8d6a4', '44f5fcd8-f943-42ea-ae13-3a3cd4f3e69c', 'e2ffaeef-5187-4511-a7f3-174ce39ffc2a', 'mutual_friends', 70.20, FALSE, TIMESTAMP '2025-12-05 17:11:58.343333');

-- Games: 30 rows
INSERT INTO "Games" ("Id", "Name", "Slug", "Description", "CoverImageUrl", "IconUrl", "Genre", "Platform", "ReleaseDate", "Publisher", "IsActive", "GameType", "LaunchUrl", "DownloadUrl", "WebPlayUrl", "InstallSize", "MinimumRequirements", "RecommendedRequirements", "LauncherType", "CreatedAt") VALUES ('b600ee12-201e-4f4e-babf-067bf4b6b3b5', 'Need for Speed: Heat', 'nfs-heat', 'Arcade street racing with vibrant visuals', 'https://res.cloudinary.com/learnnestjs/image/upload/v1764662721/0abc0c085f6bbc9f81108d56603022f8_g6924k.jpg', 'https://i.imgur.com/nfsheat-icon.png', 'Racing', 'PC', DATE '2019-11-08', 'EA', TRUE, 'desktop', NULL, NULL, NULL, NULL, NULL, NULL, NULL, TIMESTAMP '2025-12-05 17:11:58.170000');
INSERT INTO "Games" ("Id", "Name", "Slug", "Description", "CoverImageUrl", "IconUrl", "Genre", "Platform", "ReleaseDate", "Publisher", "IsActive", "GameType", "LaunchUrl", "DownloadUrl", "WebPlayUrl", "InstallSize", "MinimumRequirements", "RecommendedRequirements", "LauncherType", "CreatedAt") VALUES ('6c6e7d87-8f1b-45a9-89b9-0dcecd3da98f', 'The Last of Us Part I', 'the-last-of-us', 'Survival action-adventure masterpiece', 'https://res.cloudinary.com/learnnestjs/image/upload/v1764662719/9782eb3efc023290fa40f87ede716a60_rbxnan.jpg', 'https://i.imgur.com/tlou1-icon.png', 'Adventure', 'PC', DATE '2022-03-28', 'Naughty Dog', TRUE, 'desktop', NULL, NULL, NULL, NULL, NULL, NULL, NULL, TIMESTAMP '2025-12-05 17:11:58.170000');
INSERT INTO "Games" ("Id", "Name", "Slug", "Description", "CoverImageUrl", "IconUrl", "Genre", "Platform", "ReleaseDate", "Publisher", "IsActive", "GameType", "LaunchUrl", "DownloadUrl", "WebPlayUrl", "InstallSize", "MinimumRequirements", "RecommendedRequirements", "LauncherType", "CreatedAt") VALUES ('a363cd87-ceb5-42ed-adce-0fb0d355f9d6', 'Among Us', 'among-us', 'Social deduction party game', 'https://res.cloudinary.com/learnnestjs/image/upload/v1764416479/42f9baf307e53e5cb4087258eeaf70de_c47fcs.jpg', 'https://i.imgur.com/amongus-icon.png', 'Party', 'PC', DATE '2018-06-15', 'Innersloth', TRUE, 'desktop', NULL, NULL, NULL, NULL, NULL, NULL, NULL, TIMESTAMP '2025-12-05 17:11:58.170000');
INSERT INTO "Games" ("Id", "Name", "Slug", "Description", "CoverImageUrl", "IconUrl", "Genre", "Platform", "ReleaseDate", "Publisher", "IsActive", "GameType", "LaunchUrl", "DownloadUrl", "WebPlayUrl", "InstallSize", "MinimumRequirements", "RecommendedRequirements", "LauncherType", "CreatedAt") VALUES ('b421c9e8-265f-4f36-9503-13fa38c3ce9d', 'Red Dead Redemption 2', 'rdr2', 'Epic open-world western adventure', 'https://res.cloudinary.com/learnnestjs/image/upload/v1764662722/c52a787b7790ca66c4ae9710d3d30e31_i5p57z.jpg', 'https://i.imgur.com/rdr2-icon.png', 'Adventure', 'PC', DATE '2019-11-05', 'Rockstar Games', TRUE, 'desktop', NULL, NULL, NULL, NULL, NULL, NULL, NULL, TIMESTAMP '2025-12-05 17:11:58.170000');
INSERT INTO "Games" ("Id", "Name", "Slug", "Description", "CoverImageUrl", "IconUrl", "Genre", "Platform", "ReleaseDate", "Publisher", "IsActive", "GameType", "LaunchUrl", "DownloadUrl", "WebPlayUrl", "InstallSize", "MinimumRequirements", "RecommendedRequirements", "LauncherType", "CreatedAt") VALUES ('74500b91-ee86-46c3-8047-175b87386f59', 'Mobile Legends: Bang Bang', 'mobile-legends', 'Fast-paced 5v5 MOBA for mobile', 'https://res.cloudinary.com/learnnestjs/image/upload/v1764662720/67684fe4d45183eebf47c176451e102a_wzf5hb.jpg', 'https://i.imgur.com/mlbb-icon.png', 'MOBA', 'Mobile', DATE '2016-07-11', 'Moonton', TRUE, 'desktop', NULL, NULL, NULL, NULL, NULL, NULL, NULL, TIMESTAMP '2025-12-05 17:11:58.170000');
INSERT INTO "Games" ("Id", "Name", "Slug", "Description", "CoverImageUrl", "IconUrl", "Genre", "Platform", "ReleaseDate", "Publisher", "IsActive", "GameType", "LaunchUrl", "DownloadUrl", "WebPlayUrl", "InstallSize", "MinimumRequirements", "RecommendedRequirements", "LauncherType", "CreatedAt") VALUES ('1892e532-e1f3-4922-9ed8-2ea13b4d1d88', 'Apex Legends', 'apex-legends', 'Battle royale hero shooter', 'https://res.cloudinary.com/learnnestjs/image/upload/v1764419830/03cb5fb764120591c4351557c48b0922_evgdib.jpg', 'https://i.imgur.com/apex-icon.png', 'Battle Royale', 'PC', DATE '2019-02-04', 'Respawn Entertainment', TRUE, 'desktop', NULL, NULL, NULL, NULL, NULL, NULL, NULL, TIMESTAMP '2025-12-05 17:11:58.170000');
INSERT INTO "Games" ("Id", "Name", "Slug", "Description", "CoverImageUrl", "IconUrl", "Genre", "Platform", "ReleaseDate", "Publisher", "IsActive", "GameType", "LaunchUrl", "DownloadUrl", "WebPlayUrl", "InstallSize", "MinimumRequirements", "RecommendedRequirements", "LauncherType", "CreatedAt") VALUES ('fbc8d8d0-34fe-45f8-a71d-358456730623', 'PUBG: Battlegrounds', 'pubg', 'The original battle royale experience', 'https://res.cloudinary.com/learnnestjs/image/upload/v1764416479/751b3316d34c1684ea875ed122f9c1bd_i6w57m.jpg', 'https://i.imgur.com/pubg-icon.png', 'Battle Royale', 'PC', DATE '2017-12-21', 'PUBG Corporation', TRUE, 'desktop', NULL, NULL, NULL, NULL, NULL, NULL, NULL, TIMESTAMP '2025-12-05 17:11:58.170000');
INSERT INTO "Games" ("Id", "Name", "Slug", "Description", "CoverImageUrl", "IconUrl", "Genre", "Platform", "ReleaseDate", "Publisher", "IsActive", "GameType", "LaunchUrl", "DownloadUrl", "WebPlayUrl", "InstallSize", "MinimumRequirements", "RecommendedRequirements", "LauncherType", "CreatedAt") VALUES ('97dc5860-75cd-4043-917c-363e2ae30aaa', 'Genshin Impact', 'genshin-impact', 'Open-world action RPG adventure', 'https://res.cloudinary.com/learnnestjs/image/upload/v1764416479/ddb4c8dcba9c22dede8ac9c3c8760f82_buomh5.jpg', 'https://i.imgur.com/genshin-icon.png', 'RPG', 'PC', DATE '2020-09-28', 'HoYoverse', TRUE, 'desktop', NULL, NULL, NULL, NULL, NULL, NULL, NULL, TIMESTAMP '2025-12-05 17:11:58.170000');
INSERT INTO "Games" ("Id", "Name", "Slug", "Description", "CoverImageUrl", "IconUrl", "Genre", "Platform", "ReleaseDate", "Publisher", "IsActive", "GameType", "LaunchUrl", "DownloadUrl", "WebPlayUrl", "InstallSize", "MinimumRequirements", "RecommendedRequirements", "LauncherType", "CreatedAt") VALUES ('2f673f89-b8ab-4c4b-80c2-385d6ef877c7', 'Rocket League', 'rocket-league', 'Soccer meets racing in this hybrid game', 'https://res.cloudinary.com/learnnestjs/image/upload/v1764416479/bf50c3cf3b3b13e50ae7801e602df8dc_korxvl.jpg', 'https://i.imgur.com/rocket-icon.png', 'Sports', 'PC', DATE '2015-07-07', 'Psyonix', TRUE, 'desktop', NULL, NULL, NULL, NULL, NULL, NULL, NULL, TIMESTAMP '2025-12-05 17:11:58.170000');
INSERT INTO "Games" ("Id", "Name", "Slug", "Description", "CoverImageUrl", "IconUrl", "Genre", "Platform", "ReleaseDate", "Publisher", "IsActive", "GameType", "LaunchUrl", "DownloadUrl", "WebPlayUrl", "InstallSize", "MinimumRequirements", "RecommendedRequirements", "LauncherType", "CreatedAt") VALUES ('7c93bd39-c7b7-49f0-b8ae-46011da2acb2', 'ARK: Survival Evolved', 'ark', 'Survival game in a world filled with dinosaurs', 'https://res.cloudinary.com/learnnestjs/image/upload/v1764662719/4cac4b5987c006a32ce12bd0168f33f0_wsiz2a.jpg', 'https://i.imgur.com/ark-icon.png', 'Survival', 'PC', DATE '2017-08-29', 'Studio Wildcard', TRUE, 'desktop', NULL, NULL, NULL, NULL, NULL, NULL, NULL, TIMESTAMP '2025-12-05 17:11:58.170000');
INSERT INTO "Games" ("Id", "Name", "Slug", "Description", "CoverImageUrl", "IconUrl", "Genre", "Platform", "ReleaseDate", "Publisher", "IsActive", "GameType", "LaunchUrl", "DownloadUrl", "WebPlayUrl", "InstallSize", "MinimumRequirements", "RecommendedRequirements", "LauncherType", "CreatedAt") VALUES ('1bd7ee2a-f07d-4155-9716-52135a4b32c6', 'Elden Ring', 'elden-ring', 'Open-world action RPG in the Lands Between', 'https://res.cloudinary.com/learnnestjs/image/upload/v1764420446/9797130116fa5b9d18d6b09db4c70cca_ndmhrp.jpg', 'https://i.imgur.com/eldenring-icon.png', 'RPG', 'PC', DATE '2022-02-25', 'FromSoftware', TRUE, 'desktop', NULL, NULL, NULL, NULL, NULL, NULL, NULL, TIMESTAMP '2025-12-05 17:11:58.170000');
INSERT INTO "Games" ("Id", "Name", "Slug", "Description", "CoverImageUrl", "IconUrl", "Genre", "Platform", "ReleaseDate", "Publisher", "IsActive", "GameType", "LaunchUrl", "DownloadUrl", "WebPlayUrl", "InstallSize", "MinimumRequirements", "RecommendedRequirements", "LauncherType", "CreatedAt") VALUES ('af29bbea-cc12-4208-988b-56d2962214d8', 'Dota 2', 'dota-2', 'The ultimate MOBA experience', 'https://cdn.cloudflare.steamstatic.com/steam/apps/570/header.jpg', 'https://i.imgur.com/dota2-icon.png', 'MOBA', 'PC', DATE '2013-07-09', 'Valve', TRUE, 'desktop', NULL, NULL, NULL, NULL, NULL, NULL, NULL, TIMESTAMP '2025-12-05 17:11:58.170000');
INSERT INTO "Games" ("Id", "Name", "Slug", "Description", "CoverImageUrl", "IconUrl", "Genre", "Platform", "ReleaseDate", "Publisher", "IsActive", "GameType", "LaunchUrl", "DownloadUrl", "WebPlayUrl", "InstallSize", "MinimumRequirements", "RecommendedRequirements", "LauncherType", "CreatedAt") VALUES ('7fc91098-3d95-4292-b4f9-5c96d1a77ef5', 'Grand Theft Auto V', 'gta-5', 'Open-world action game with limitless freedom', 'https://res.cloudinary.com/learnnestjs/image/upload/v1764662719/009101a00c2d957e8d4dabb88c8cb79f_nsmtqe.jpg', 'https://i.imgur.com/gta5-icon.png', 'Action', 'PC', DATE '2015-04-14', 'Rockstar Games', TRUE, 'desktop', NULL, NULL, NULL, NULL, NULL, NULL, NULL, TIMESTAMP '2025-12-05 17:11:58.170000');
INSERT INTO "Games" ("Id", "Name", "Slug", "Description", "CoverImageUrl", "IconUrl", "Genre", "Platform", "ReleaseDate", "Publisher", "IsActive", "GameType", "LaunchUrl", "DownloadUrl", "WebPlayUrl", "InstallSize", "MinimumRequirements", "RecommendedRequirements", "LauncherType", "CreatedAt") VALUES ('e33aa3ad-1185-4836-9259-60b96e86177e', 'Forza Horizon 5', 'forza-horizon-5', 'Open-world racing across Mexico', 'https://res.cloudinary.com/learnnestjs/image/upload/v1764662718/274e75ab20fa98751e81cb88c6203f83_gosobi.jpg', 'https://i.imgur.com/fh5-icon.png', 'Racing', 'PC', DATE '2021-11-09', 'Xbox Game Studios', TRUE, 'desktop', NULL, NULL, NULL, NULL, NULL, NULL, NULL, TIMESTAMP '2025-12-05 17:11:58.170000');
INSERT INTO "Games" ("Id", "Name", "Slug", "Description", "CoverImageUrl", "IconUrl", "Genre", "Platform", "ReleaseDate", "Publisher", "IsActive", "GameType", "LaunchUrl", "DownloadUrl", "WebPlayUrl", "InstallSize", "MinimumRequirements", "RecommendedRequirements", "LauncherType", "CreatedAt") VALUES ('963923a4-9362-4954-8b7b-6b7302b372ff', 'Stumble Guys', 'stumble-guys', 'Fun and chaotic knockout party game', 'https://res.cloudinary.com/learnnestjs/image/upload/v1764662718/64aeffcd37a5789699c48743bccce79b_pnoyew.jpg', 'https://i.imgur.com/stumble-icon.png', 'Party', 'Mobile', DATE '2020-02-12', 'Kitka Games', TRUE, 'desktop', NULL, NULL, NULL, NULL, NULL, NULL, NULL, TIMESTAMP '2025-12-05 17:11:58.170000');
INSERT INTO "Games" ("Id", "Name", "Slug", "Description", "CoverImageUrl", "IconUrl", "Genre", "Platform", "ReleaseDate", "Publisher", "IsActive", "GameType", "LaunchUrl", "DownloadUrl", "WebPlayUrl", "InstallSize", "MinimumRequirements", "RecommendedRequirements", "LauncherType", "CreatedAt") VALUES ('783a1917-691d-4d5c-a2bc-6dd9a6341190', 'League of Legends', 'league-of-legends', '5v5 MOBA strategy game', 'https://res.cloudinary.com/learnnestjs/image/upload/v1764416649/29013e2bd20d257b75d506c002abac05_pm2uxs.jpg', 'https://i.imgur.com/lol-icon.png', 'MOBA', 'PC', DATE '2009-10-27', 'Riot Games', TRUE, 'desktop', NULL, NULL, NULL, NULL, NULL, NULL, NULL, TIMESTAMP '2025-12-05 17:11:58.170000');
INSERT INTO "Games" ("Id", "Name", "Slug", "Description", "CoverImageUrl", "IconUrl", "Genre", "Platform", "ReleaseDate", "Publisher", "IsActive", "GameType", "LaunchUrl", "DownloadUrl", "WebPlayUrl", "InstallSize", "MinimumRequirements", "RecommendedRequirements", "LauncherType", "CreatedAt") VALUES ('4e0df570-9486-4ea8-92fd-7b50f2dcc9ae', 'Counter-Strike 2', 'cs2', 'The legendary tactical shooter reborn', 'https://res.cloudinary.com/learnnestjs/image/upload/v1764565172/t%E1%BA%A3i_xu%E1%BB%91ng_aq9df6.jpg', 'https://i.imgur.com/cs2-icon.png', 'FPS', 'PC', DATE '2023-09-27', 'Valve', TRUE, 'desktop', NULL, NULL, NULL, NULL, NULL, NULL, NULL, TIMESTAMP '2025-12-05 17:11:58.170000');
INSERT INTO "Games" ("Id", "Name", "Slug", "Description", "CoverImageUrl", "IconUrl", "Genre", "Platform", "ReleaseDate", "Publisher", "IsActive", "GameType", "LaunchUrl", "DownloadUrl", "WebPlayUrl", "InstallSize", "MinimumRequirements", "RecommendedRequirements", "LauncherType", "CreatedAt") VALUES ('f216a419-4e5a-4b1c-9853-a169f60d49c7', 'Minecraft', 'minecraft', 'Build, explore, and survive in infinite worlds', 'https://res.cloudinary.com/learnnestjs/image/upload/v1764416479/5934d69b127766232a174dcbde14a658_wnsyjr.jpg', 'https://i.imgur.com/minecraft-icon.png', 'Sandbox', 'PC', DATE '2011-11-18', 'Mojang Studios', TRUE, 'desktop', NULL, NULL, NULL, NULL, NULL, NULL, NULL, TIMESTAMP '2025-12-05 17:11:58.170000');
INSERT INTO "Games" ("Id", "Name", "Slug", "Description", "CoverImageUrl", "IconUrl", "Genre", "Platform", "ReleaseDate", "Publisher", "IsActive", "GameType", "LaunchUrl", "DownloadUrl", "WebPlayUrl", "InstallSize", "MinimumRequirements", "RecommendedRequirements", "LauncherType", "CreatedAt") VALUES ('cc2d294e-1758-4930-a75e-b57a123c2653', 'Dead by Daylight', 'dead-by-daylight', '4v1 multiplayer survival horror game', 'https://res.cloudinary.com/learnnestjs/image/upload/v1764420446/cf3f0d1e109168c33a7ffd6353f250c5_qfcgsz.jpg', 'https://i.imgur.com/dbd-icon.png', 'Horror', 'PC', DATE '2016-06-14', 'Behaviour Interactive', TRUE, 'desktop', NULL, NULL, NULL, NULL, NULL, NULL, NULL, TIMESTAMP '2025-12-05 17:11:58.170000');
INSERT INTO "Games" ("Id", "Name", "Slug", "Description", "CoverImageUrl", "IconUrl", "Genre", "Platform", "ReleaseDate", "Publisher", "IsActive", "GameType", "LaunchUrl", "DownloadUrl", "WebPlayUrl", "InstallSize", "MinimumRequirements", "RecommendedRequirements", "LauncherType", "CreatedAt") VALUES ('70680cfe-7ced-47ee-a160-b7b6715db6e3', 'The Witcher 3: Wild Hunt', 'witcher-3', 'Award-winning open-world fantasy RPG', 'https://res.cloudinary.com/learnnestjs/image/upload/v1764420446/05ea1cc05811a647e4904733c7a30834_brhkpu.jpg', 'https://i.imgur.com/witcher3-icon.png', 'RPG', 'PC', DATE '2015-05-19', 'CD Projekt Red', TRUE, 'desktop', NULL, NULL, NULL, NULL, NULL, NULL, NULL, TIMESTAMP '2025-12-05 17:11:58.170000');
INSERT INTO "Games" ("Id", "Name", "Slug", "Description", "CoverImageUrl", "IconUrl", "Genre", "Platform", "ReleaseDate", "Publisher", "IsActive", "GameType", "LaunchUrl", "DownloadUrl", "WebPlayUrl", "InstallSize", "MinimumRequirements", "RecommendedRequirements", "LauncherType", "CreatedAt") VALUES ('5f712266-1575-4be0-930b-b965b37b7263', 'Honkai: Star Rail', 'honkai-star-rail', 'Turn-based space fantasy RPG', 'https://res.cloudinary.com/learnnestjs/image/upload/v1764662720/1402d149a681cab85737e60cdc04e12b_hynbzw.jpg', 'https://i.imgur.com/hsr-icon.png', 'RPG', 'PC', DATE '2023-04-26', 'HoYoverse', TRUE, 'desktop', NULL, NULL, NULL, NULL, NULL, NULL, NULL, TIMESTAMP '2025-12-05 17:11:58.170000');
INSERT INTO "Games" ("Id", "Name", "Slug", "Description", "CoverImageUrl", "IconUrl", "Genre", "Platform", "ReleaseDate", "Publisher", "IsActive", "GameType", "LaunchUrl", "DownloadUrl", "WebPlayUrl", "InstallSize", "MinimumRequirements", "RecommendedRequirements", "LauncherType", "CreatedAt") VALUES ('0e2ca91b-bfb5-4cc7-b5eb-ba16abc69b17', 'Fortnite', 'fortnite', 'Build, battle, and be the last one standing', 'https://res.cloudinary.com/learnnestjs/image/upload/v1764416479/81357e9216a646cc3e2ab6d5af5025eb_j8iaas.jpg', 'https://i.imgur.com/fortnite-icon.png', 'Battle Royale', 'PC', DATE '2017-07-25', 'Epic Games', TRUE, 'desktop', NULL, NULL, NULL, NULL, NULL, NULL, NULL, TIMESTAMP '2025-12-05 17:11:58.170000');
INSERT INTO "Games" ("Id", "Name", "Slug", "Description", "CoverImageUrl", "IconUrl", "Genre", "Platform", "ReleaseDate", "Publisher", "IsActive", "GameType", "LaunchUrl", "DownloadUrl", "WebPlayUrl", "InstallSize", "MinimumRequirements", "RecommendedRequirements", "LauncherType", "CreatedAt") VALUES ('4875c82c-22bd-4c2c-b8dd-bb618c338366', 'Call of Duty Mobile', 'cod-warzone', 'Free-to-play battle royale in the CoD universe', 'https://res.cloudinary.com/learnnestjs/image/upload/v1764420446/38ef3716bda5f47a5e27fc8a0fe4657b_ycokot.jpg', 'https://i.imgur.com/warzone-icon.png', 'Battle Royale', 'PC', DATE '2020-03-10', 'Activision', TRUE, 'desktop', NULL, NULL, NULL, NULL, NULL, NULL, NULL, TIMESTAMP '2025-12-05 17:11:58.170000');
INSERT INTO "Games" ("Id", "Name", "Slug", "Description", "CoverImageUrl", "IconUrl", "Genre", "Platform", "ReleaseDate", "Publisher", "IsActive", "GameType", "LaunchUrl", "DownloadUrl", "WebPlayUrl", "InstallSize", "MinimumRequirements", "RecommendedRequirements", "LauncherType", "CreatedAt") VALUES ('ea468f6a-f9af-4a89-a29a-c69b89ab6721', 'Valorant', 'valorant', 'Tactical 5v5 character-based shooter', 'https://res.cloudinary.com/learnnestjs/image/upload/v1764416649/1e2d548c8da2ffbc1fa17ed77c99d450_o2zz4o.jpg', 'https://i.imgur.com/valorant-icon.png', 'FPS', 'PC', DATE '2020-06-02', 'Riot Games', TRUE, 'desktop', NULL, NULL, NULL, NULL, NULL, NULL, NULL, TIMESTAMP '2025-12-05 17:11:58.170000');
INSERT INTO "Games" ("Id", "Name", "Slug", "Description", "CoverImageUrl", "IconUrl", "Genre", "Platform", "ReleaseDate", "Publisher", "IsActive", "GameType", "LaunchUrl", "DownloadUrl", "WebPlayUrl", "InstallSize", "MinimumRequirements", "RecommendedRequirements", "LauncherType", "CreatedAt") VALUES ('4587a2f6-f8ef-4801-a4e4-c96920ba551d', 'Free Fire', 'free-fire', 'Fast-paced mobile battle royale', 'https://res.cloudinary.com/learnnestjs/image/upload/v1764662719/5bb3caa896c55e5c36abc6979bcbd374_hitecq.jpg', 'https://i.imgur.com/freefire-icon.png', 'Battle Royale', 'Mobile', DATE '2017-12-04', 'Garena', TRUE, 'desktop', NULL, NULL, NULL, NULL, NULL, NULL, NULL, TIMESTAMP '2025-12-05 17:11:58.170000');
INSERT INTO "Games" ("Id", "Name", "Slug", "Description", "CoverImageUrl", "IconUrl", "Genre", "Platform", "ReleaseDate", "Publisher", "IsActive", "GameType", "LaunchUrl", "DownloadUrl", "WebPlayUrl", "InstallSize", "MinimumRequirements", "RecommendedRequirements", "LauncherType", "CreatedAt") VALUES ('6d26bac0-1815-4893-b000-e2685380ef9f', 'Hades II', 'hades-2', 'Action roguelike dungeon crawler sequel', 'https://res.cloudinary.com/learnnestjs/image/upload/v1764662720/9568f166dd798fb16a977d36948f28d6_dcokmz.jpg', 'https://i.imgur.com/hades2-icon.png', 'Roguelike', 'PC', DATE '2024-05-06', 'Supergiant Games', TRUE, 'desktop', NULL, NULL, NULL, NULL, NULL, NULL, NULL, TIMESTAMP '2025-12-05 17:11:58.170000');
INSERT INTO "Games" ("Id", "Name", "Slug", "Description", "CoverImageUrl", "IconUrl", "Genre", "Platform", "ReleaseDate", "Publisher", "IsActive", "GameType", "LaunchUrl", "DownloadUrl", "WebPlayUrl", "InstallSize", "MinimumRequirements", "RecommendedRequirements", "LauncherType", "CreatedAt") VALUES ('2f8a4abb-56d8-450f-bbc0-eb84bca74fe9', 'Cyberpunk 2077', 'cyberpunk-2077', 'Open-world futuristic action RPG in Night City', 'https://res.cloudinary.com/learnnestjs/image/upload/v1764420446/9564659d37f7dd92ed463124fc7153fd_rcmgsk.jpg', 'https://i.imgur.com/cyberpunk-icon.png', 'RPG', 'PC', DATE '2020-12-10', 'CD Projekt Red', TRUE, 'desktop', NULL, NULL, NULL, NULL, NULL, NULL, NULL, TIMESTAMP '2025-12-05 17:11:58.170000');
INSERT INTO "Games" ("Id", "Name", "Slug", "Description", "CoverImageUrl", "IconUrl", "Genre", "Platform", "ReleaseDate", "Publisher", "IsActive", "GameType", "LaunchUrl", "DownloadUrl", "WebPlayUrl", "InstallSize", "MinimumRequirements", "RecommendedRequirements", "LauncherType", "CreatedAt") VALUES ('16438c2e-449a-4034-ae75-ebad7a32bee0', 'FIFA 24', 'fifa-24', 'Realistic football simulation experience', 'https://res.cloudinary.com/learnnestjs/image/upload/v1764662718/9ecd5c0fc516ca7ea8b237fe2ae9edbb_ru90dt.jpg', 'https://i.imgur.com/fifa24-icon.png', 'Sports', 'PC', DATE '2023-09-29', 'EA Sports', TRUE, 'desktop', NULL, NULL, NULL, NULL, NULL, NULL, NULL, TIMESTAMP '2025-12-05 17:11:58.170000');
INSERT INTO "Games" ("Id", "Name", "Slug", "Description", "CoverImageUrl", "IconUrl", "Genre", "Platform", "ReleaseDate", "Publisher", "IsActive", "GameType", "LaunchUrl", "DownloadUrl", "WebPlayUrl", "InstallSize", "MinimumRequirements", "RecommendedRequirements", "LauncherType", "CreatedAt") VALUES ('bdbd7b04-e581-484b-984c-fd5ab07bd643', 'Rainbow Six Siege', 'rainbow-six-siege', 'Tactical 5v5 competitive shooter', 'https://res.cloudinary.com/dkpyqplio/image/upload/v1764420446/1c0815bc9c7445a0d98b7e171811daab_hgueua.jpg', 'https://i.imgur.com/r6-icon.png', 'FPS', 'PC', DATE '2015-12-01', 'Ubisoft', TRUE, 'desktop', NULL, NULL, NULL, NULL, NULL, NULL, NULL, TIMESTAMP '2025-12-05 17:11:58.170000');
INSERT INTO "Games" ("Id", "Name", "Slug", "Description", "CoverImageUrl", "IconUrl", "Genre", "Platform", "ReleaseDate", "Publisher", "IsActive", "GameType", "LaunchUrl", "DownloadUrl", "WebPlayUrl", "InstallSize", "MinimumRequirements", "RecommendedRequirements", "LauncherType", "CreatedAt") VALUES ('a670d762-4645-4d2e-8bd3-ff67e5960d10', 'Overwatch 2', 'overwatch-2', 'Team-based first-person shooter', 'https://res.cloudinary.com/learnnestjs/image/upload/v1764419768/d7a51c66b861834eca7ec4f552f3b607_s4jdl4.jpg', 'https://i.imgur.com/ow2-icon.png', 'FPS', 'PC', DATE '2022-10-04', 'Blizzard', TRUE, 'desktop', NULL, NULL, NULL, NULL, NULL, NULL, NULL, TIMESTAMP '2025-12-05 17:11:58.170000');

-- GameLaunchLogs: 13 rows
INSERT INTO "GameLaunchLogs" ("Id", "UserId", "GameId", "LaunchMethod", "LaunchedAt", "SessionDuration", "EndedAt") VALUES ('d1278cf7-6357-46a5-96e0-0b81f922d6ba', 'e2ffaeef-5187-4511-a7f3-174ce39ffc2a', 'ea468f6a-f9af-4a89-a29a-c69b89ab6721', 'desktop', TIMESTAMP '2025-12-05 13:11:58.260000', 120, TIMESTAMP '2025-12-05 15:11:58.260000');
INSERT INTO "GameLaunchLogs" ("Id", "UserId", "GameId", "LaunchMethod", "LaunchedAt", "SessionDuration", "EndedAt") VALUES ('f516fc13-f000-4cef-83d8-23b142c5d50f', '9642ed4d-193a-4472-b63f-55f0357e6336', '4e0df570-9486-4ea8-92fd-7b50f2dcc9ae', 'desktop', TIMESTAMP '2025-12-04 17:11:58.260000', 120, TIMESTAMP '2025-12-04 19:11:58.260000');
INSERT INTO "GameLaunchLogs" ("Id", "UserId", "GameId", "LaunchMethod", "LaunchedAt", "SessionDuration", "EndedAt") VALUES ('95e23cc9-4098-4010-b4cc-592d7991d507', 'e2ffaeef-5187-4511-a7f3-174ce39ffc2a', 'ea468f6a-f9af-4a89-a29a-c69b89ab6721', 'desktop', TIMESTAMP '2025-12-03 17:11:58.260000', 150, TIMESTAMP '2025-12-03 19:11:58.260000');
INSERT INTO "GameLaunchLogs" ("Id", "UserId", "GameId", "LaunchMethod", "LaunchedAt", "SessionDuration", "EndedAt") VALUES ('4076143e-ff34-4e04-8ee8-5a26cc570981', '910e8f9b-6f94-4b0e-bf8f-cf1bcbba5552', 'ea468f6a-f9af-4a89-a29a-c69b89ab6721', 'desktop', TIMESTAMP '2025-12-05 16:11:58.260000', 60, TIMESTAMP '2025-12-05 16:41:58.260000');
INSERT INTO "GameLaunchLogs" ("Id", "UserId", "GameId", "LaunchMethod", "LaunchedAt", "SessionDuration", "EndedAt") VALUES ('ef8951fb-6cfe-4139-abbd-6d9de28560ea', '8017107e-ecd0-4862-bc75-e6cf2bd9eab5', '783a1917-691d-4d5c-a2bc-6dd9a6341190', 'desktop', TIMESTAMP '2025-12-05 12:11:58.260000', 150, TIMESTAMP '2025-12-05 14:11:58.260000');
INSERT INTO "GameLaunchLogs" ("Id", "UserId", "GameId", "LaunchMethod", "LaunchedAt", "SessionDuration", "EndedAt") VALUES ('8be7f839-db65-4244-8bbe-7aef2c00458b', '8017107e-ecd0-4862-bc75-e6cf2bd9eab5', 'af29bbea-cc12-4208-988b-56d2962214d8', 'desktop', TIMESTAMP '2025-12-03 17:11:58.260000', 200, TIMESTAMP '2025-12-03 20:11:58.260000');
INSERT INTO "GameLaunchLogs" ("Id", "UserId", "GameId", "LaunchMethod", "LaunchedAt", "SessionDuration", "EndedAt") VALUES ('f0a540fb-09a3-4fbd-bb70-7bf2abaa6551', '0ff9ac64-3deb-450b-b332-aa7ae36fd398', 'af29bbea-cc12-4208-988b-56d2962214d8', 'desktop', TIMESTAMP '2025-12-05 13:11:58.260000', 180, TIMESTAMP '2025-12-05 16:11:58.260000');
INSERT INTO "GameLaunchLogs" ("Id", "UserId", "GameId", "LaunchMethod", "LaunchedAt", "SessionDuration", "EndedAt") VALUES ('a544cdd3-362d-454f-9605-81fe593af914', 'e2ffaeef-5187-4511-a7f3-174ce39ffc2a', '783a1917-691d-4d5c-a2bc-6dd9a6341190', 'desktop', TIMESTAMP '2025-12-04 17:11:58.260000', 180, TIMESTAMP '2025-12-04 20:11:58.260000');
INSERT INTO "GameLaunchLogs" ("Id", "UserId", "GameId", "LaunchMethod", "LaunchedAt", "SessionDuration", "EndedAt") VALUES ('4112bdc5-1126-4343-88f4-89c4a56a5089', '6cce5b34-5f21-4aee-8335-80a65075324a', 'ea468f6a-f9af-4a89-a29a-c69b89ab6721', 'desktop', TIMESTAMP '2025-12-05 14:11:58.260000', 90, TIMESTAMP '2025-12-05 16:11:58.260000');
INSERT INTO "GameLaunchLogs" ("Id", "UserId", "GameId", "LaunchMethod", "LaunchedAt", "SessionDuration", "EndedAt") VALUES ('a942cc1c-5f1b-4ae1-ae09-a0b8d8a1059b', '9642ed4d-193a-4472-b63f-55f0357e6336', '4e0df570-9486-4ea8-92fd-7b50f2dcc9ae', 'desktop', TIMESTAMP '2025-12-05 14:11:58.260000', 90, TIMESTAMP '2025-12-05 16:11:58.260000');
INSERT INTO "GameLaunchLogs" ("Id", "UserId", "GameId", "LaunchMethod", "LaunchedAt", "SessionDuration", "EndedAt") VALUES ('b0277e31-80fa-4751-adac-a8ee76cc61a4', '6aa29523-2037-48c9-a108-e2da2aa23da8', '4e0df570-9486-4ea8-92fd-7b50f2dcc9ae', 'desktop', TIMESTAMP '2025-12-05 15:11:58.260000', 120, TIMESTAMP '2025-12-05 16:11:58.260000');
INSERT INTO "GameLaunchLogs" ("Id", "UserId", "GameId", "LaunchMethod", "LaunchedAt", "SessionDuration", "EndedAt") VALUES ('83346eca-37da-4d2e-9b05-b78778fa12e4', 'bdd084bb-f5ab-4647-a07d-936aaac85808', 'ea468f6a-f9af-4a89-a29a-c69b89ab6721', 'desktop', TIMESTAMP '2025-12-05 11:11:58.260000', 240, TIMESTAMP '2025-12-05 15:11:58.260000');
INSERT INTO "GameLaunchLogs" ("Id", "UserId", "GameId", "LaunchMethod", "LaunchedAt", "SessionDuration", "EndedAt") VALUES ('00ad65b3-a5aa-4724-8c90-cfb43d89d8e3', 'b6233ea7-a2ff-49ae-8c3a-6b305e720f58', 'ea468f6a-f9af-4a89-a29a-c69b89ab6721', 'desktop', TIMESTAMP '2025-12-05 11:11:58.260000', 60, TIMESTAMP '2025-12-05 12:11:58.260000');

-- GameReviews: 15 rows
INSERT INTO "GameReviews" ("Id", "GameId", "UserId", "Rating", "Title", "Content", "HoursPlayed", "IsRecommended", "HelpfulCount", "CreatedAt", "UpdatedAt") VALUES ('647b9007-4ff5-4127-bdc7-05a7dd08408e', 'ea468f6a-f9af-4a89-a29a-c69b89ab6721', '910e8f9b-6f94-4b0e-bf8f-cf1bcbba5552', 5, 'Perfect for streaming', 'Great game for content creation', 800, TRUE, 78, TIMESTAMP '2025-12-05 17:11:58.343333', TIMESTAMP '2025-12-05 17:11:58.343333');
INSERT INTO "GameReviews" ("Id", "GameId", "UserId", "Rating", "Title", "Content", "HoursPlayed", "IsRecommended", "HelpfulCount", "CreatedAt", "UpdatedAt") VALUES ('4b271b8e-0223-44e3-ac13-121e9bd0c524', '783a1917-691d-4d5c-a2bc-6dd9a6341190', '8017107e-ecd0-4862-bc75-e6cf2bd9eab5', 5, 'The MOBA king', 'Still the best MOBA after all these years', 1200, TRUE, 89, TIMESTAMP '2025-12-05 17:11:58.343333', TIMESTAMP '2025-12-05 17:11:58.343333');
INSERT INTO "GameReviews" ("Id", "GameId", "UserId", "Rating", "Title", "Content", "HoursPlayed", "IsRecommended", "HelpfulCount", "CreatedAt", "UpdatedAt") VALUES ('8a05efce-dacd-441b-a930-13965aeee915', '1892e532-e1f3-4922-9ed8-2ea13b4d1d88', '910e8f9b-6f94-4b0e-bf8f-cf1bcbba5552', 4, 'Great for casual play', 'Fun and accessible battle royale', 450, TRUE, 51, TIMESTAMP '2025-12-05 17:11:58.343333', TIMESTAMP '2025-12-05 17:11:58.343333');
INSERT INTO "GameReviews" ("Id", "GameId", "UserId", "Rating", "Title", "Content", "HoursPlayed", "IsRecommended", "HelpfulCount", "CreatedAt", "UpdatedAt") VALUES ('63efc9a5-6ad0-4c44-8108-1437ebb3ecda', 'a670d762-4645-4d2e-8bd3-ff67e5960d10', 'e2ffaeef-5187-4511-a7f3-174ce39ffc2a', 4, 'Fun team shooter', 'Great gameplay but needs balance updates', 250, TRUE, 38, TIMESTAMP '2025-12-05 17:11:58.343333', TIMESTAMP '2025-12-05 17:11:58.343333');
INSERT INTO "GameReviews" ("Id", "GameId", "UserId", "Rating", "Title", "Content", "HoursPlayed", "IsRecommended", "HelpfulCount", "CreatedAt", "UpdatedAt") VALUES ('602a33bc-5fdf-4346-8437-26bea349f154', '783a1917-691d-4d5c-a2bc-6dd9a6341190', '6aa29523-2037-48c9-a108-e2da2aa23da8', 5, 'Competitive excellence', 'Best competitive MOBA experience', 1100, TRUE, 92, TIMESTAMP '2025-12-05 17:11:58.343333', TIMESTAMP '2025-12-05 17:11:58.343333');
INSERT INTO "GameReviews" ("Id", "GameId", "UserId", "Rating", "Title", "Content", "HoursPlayed", "IsRecommended", "HelpfulCount", "CreatedAt", "UpdatedAt") VALUES ('857efe11-6c57-48f3-8910-568bcc02bfea', 'af29bbea-cc12-4208-988b-56d2962214d8', '0ff9ac64-3deb-450b-b332-aa7ae36fd398', 5, 'Dota is life', 'Most complex and rewarding game ever', 2000, TRUE, 156, TIMESTAMP '2025-12-05 17:11:58.343333', TIMESTAMP '2025-12-05 17:11:58.343333');
INSERT INTO "GameReviews" ("Id", "GameId", "UserId", "Rating", "Title", "Content", "HoursPlayed", "IsRecommended", "HelpfulCount", "CreatedAt", "UpdatedAt") VALUES ('e6a751d7-0407-4aa1-ad5b-5b4d26ff68c4', '4e0df570-9486-4ea8-92fd-7b50f2dcc9ae', '910e8f9b-6f94-4b0e-bf8f-cf1bcbba5552', 5, 'Timeless classic', 'Still the best tactical shooter', 700, TRUE, 84, TIMESTAMP '2025-12-05 17:11:58.343333', TIMESTAMP '2025-12-05 17:11:58.343333');
INSERT INTO "GameReviews" ("Id", "GameId", "UserId", "Rating", "Title", "Content", "HoursPlayed", "IsRecommended", "HelpfulCount", "CreatedAt", "UpdatedAt") VALUES ('54c95f2a-0bcd-477d-8cf5-68f24d442e19', 'ea468f6a-f9af-4a89-a29a-c69b89ab6721', '9642ed4d-193a-4472-b63f-55f0357e6336', 4, 'Great game but steep learning curve', 'Takes time to master but very rewarding', 300, TRUE, 23, TIMESTAMP '2025-12-05 17:11:58.343333', TIMESTAMP '2025-12-05 17:11:58.343333');
INSERT INTO "GameReviews" ("Id", "GameId", "UserId", "Rating", "Title", "Content", "HoursPlayed", "IsRecommended", "HelpfulCount", "CreatedAt", "UpdatedAt") VALUES ('20456c50-c6e2-4f92-9f22-69f083dcdd5b', 'ea468f6a-f9af-4a89-a29a-c69b89ab6721', '0ff9ac64-3deb-450b-b332-aa7ae36fd398', 5, 'Addictive and competitive', 'Love the competitive scene and constant updates', 600, TRUE, 56, TIMESTAMP '2025-12-05 17:11:58.343333', TIMESTAMP '2025-12-05 17:11:58.343333');
INSERT INTO "GameReviews" ("Id", "GameId", "UserId", "Rating", "Title", "Content", "HoursPlayed", "IsRecommended", "HelpfulCount", "CreatedAt", "UpdatedAt") VALUES ('b4c0e585-866e-49bf-9835-6d8983e8125a', 'a670d762-4645-4d2e-8bd3-ff67e5960d10', 'b6233ea7-a2ff-49ae-8c3a-6b305e720f58', 4, 'Solid hero shooter', 'Good game with regular updates', 300, TRUE, 42, TIMESTAMP '2025-12-05 17:11:58.343333', TIMESTAMP '2025-12-05 17:11:58.343333');
INSERT INTO "GameReviews" ("Id", "GameId", "UserId", "Rating", "Title", "Content", "HoursPlayed", "IsRecommended", "HelpfulCount", "CreatedAt", "UpdatedAt") VALUES ('d3a83df1-681f-407e-a0d0-86fe943a755f', '783a1917-691d-4d5c-a2bc-6dd9a6341190', '0ff9ac64-3deb-450b-b332-aa7ae36fd398', 4, 'Great but demanding', 'Requires dedication but very rewarding', 950, TRUE, 67, TIMESTAMP '2025-12-05 17:11:58.343333', TIMESTAMP '2025-12-05 17:11:58.343333');
INSERT INTO "GameReviews" ("Id", "GameId", "UserId", "Rating", "Title", "Content", "HoursPlayed", "IsRecommended", "HelpfulCount", "CreatedAt", "UpdatedAt") VALUES ('3a110f3b-7480-44b7-bda3-b225a04e1259', '4e0df570-9486-4ea8-92fd-7b50f2dcc9ae', '9642ed4d-193a-4472-b63f-55f0357e6336', 5, 'CS2 is incredible', 'Huge improvement over CS:GO. Love the new engine', 450, TRUE, 67, TIMESTAMP '2025-12-05 17:11:58.343333', TIMESTAMP '2025-12-05 17:11:58.343333');
INSERT INTO "GameReviews" ("Id", "GameId", "UserId", "Rating", "Title", "Content", "HoursPlayed", "IsRecommended", "HelpfulCount", "CreatedAt", "UpdatedAt") VALUES ('a09482bd-bedd-4bd4-a170-dc55590fe560', 'ea468f6a-f9af-4a89-a29a-c69b89ab6721', 'e2ffaeef-5187-4511-a7f3-174ce39ffc2a', 5, 'Amazing tactical shooter!', 'Best FPS game I''ve played. Great mechanics and strategy depth.', 500, TRUE, 45, TIMESTAMP '2025-12-05 17:11:58.343333', TIMESTAMP '2025-12-05 17:11:58.343333');
INSERT INTO "GameReviews" ("Id", "GameId", "UserId", "Rating", "Title", "Content", "HoursPlayed", "IsRecommended", "HelpfulCount", "CreatedAt", "UpdatedAt") VALUES ('f311e74e-b8df-4aa8-9574-e65790e31787', '1892e532-e1f3-4922-9ed8-2ea13b4d1d88', 'bdd084bb-f5ab-4647-a07d-936aaac85808', 5, 'Battle royale perfection', 'Best BR mechanics and gunplay', 600, TRUE, 73, TIMESTAMP '2025-12-05 17:11:58.343333', TIMESTAMP '2025-12-05 17:11:58.343333');
INSERT INTO "GameReviews" ("Id", "GameId", "UserId", "Rating", "Title", "Content", "HoursPlayed", "IsRecommended", "HelpfulCount", "CreatedAt", "UpdatedAt") VALUES ('c06b33a5-afa3-4b4f-b043-f233356d94a6', 'af29bbea-cc12-4208-988b-56d2962214d8', '8017107e-ecd0-4862-bc75-e6cf2bd9eab5', 4, 'Complex but rewarding', 'Steep learning curve but amazing once you get it', 800, TRUE, 34, TIMESTAMP '2025-12-05 17:11:58.343333', TIMESTAMP '2025-12-05 17:11:58.343333');

-- GroupMembers: 26 rows
INSERT INTO "GroupMembers" ("Id", "GroupId", "UserId", "Role", "JoinedAt") VALUES ('0ba28c53-69e3-4114-a5c8-02e82d66cbfa', '65e7f40e-13aa-458d-9075-e46f423df73d', '6cce5b34-5f21-4aee-8335-80a65075324a', 'member', TIMESTAMP '2025-12-05 17:11:58.173333');
INSERT INTO "GroupMembers" ("Id", "GroupId", "UserId", "Role", "JoinedAt") VALUES ('0f0da1f6-86a1-41af-ae3e-09301ec5f708', '517c0b7b-d026-4d08-b1b1-117272a497f2', '6aa29523-2037-48c9-a108-e2da2aa23da8', 'member', TIMESTAMP '2025-12-05 17:11:58.173333');
INSERT INTO "GroupMembers" ("Id", "GroupId", "UserId", "Role", "JoinedAt") VALUES ('c87eb382-2df7-425a-a45c-0fec76185ed3', '117aa6ca-8cc8-4695-8bb8-84ba0e48b499', '910e8f9b-6f94-4b0e-bf8f-cf1bcbba5552', 'member', TIMESTAMP '2025-12-05 17:11:58.173333');
INSERT INTO "GroupMembers" ("Id", "GroupId", "UserId", "Role", "JoinedAt") VALUES ('2c188c67-e182-4877-841e-15534f66fc27', '2876838b-36c5-41a2-a8cc-0f82d57fc5b6', '812b68c2-0641-4f8d-b1b4-6476f7037269', 'member', TIMESTAMP '2025-12-05 17:11:58.173333');
INSERT INTO "GroupMembers" ("Id", "GroupId", "UserId", "Role", "JoinedAt") VALUES ('0fe99a94-3694-4516-ac5f-15d13c51ee44', '117aa6ca-8cc8-4695-8bb8-84ba0e48b499', 'bdd084bb-f5ab-4647-a07d-936aaac85808', 'member', TIMESTAMP '2025-12-05 17:11:58.173333');
INSERT INTO "GroupMembers" ("Id", "GroupId", "UserId", "Role", "JoinedAt") VALUES ('de61c9e1-8622-4511-bded-1703e4898f3a', '65e7f40e-13aa-458d-9075-e46f423df73d', '7fea2a14-819d-43cb-b37c-23f3f6966ea5', 'member', TIMESTAMP '2025-12-05 17:11:58.173333');
INSERT INTO "GroupMembers" ("Id", "GroupId", "UserId", "Role", "JoinedAt") VALUES ('293aad13-2705-43c1-92f9-39b36a94d519', '517c0b7b-d026-4d08-b1b1-117272a497f2', '8017107e-ecd0-4862-bc75-e6cf2bd9eab5', 'admin', TIMESTAMP '2025-12-05 17:11:58.173333');
INSERT INTO "GroupMembers" ("Id", "GroupId", "UserId", "Role", "JoinedAt") VALUES ('0270c831-5831-4ae1-9cd3-3edd0afc6254', '2876838b-36c5-41a2-a8cc-0f82d57fc5b6', 'ced5ce6e-7631-4433-a26c-a0ba07dcb986', 'member', TIMESTAMP '2025-12-05 17:11:58.173333');
INSERT INTO "GroupMembers" ("Id", "GroupId", "UserId", "Role", "JoinedAt") VALUES ('ea660248-7733-4d8e-a53f-417fb57b904a', '50c9c3f2-c5de-49d8-a26f-5dfab206ebb9', '721902e0-19ae-48d5-84a9-cf09b5b6f605', 'admin', TIMESTAMP '2025-12-23 08:31:50.504943');
INSERT INTO "GroupMembers" ("Id", "GroupId", "UserId", "Role", "JoinedAt") VALUES ('0cf34f1d-bb81-40a8-8fe4-5525f655b974', '65e7f40e-13aa-458d-9075-e46f423df73d', 'bdd084bb-f5ab-4647-a07d-936aaac85808', 'admin', TIMESTAMP '2025-12-05 17:11:58.173333');
INSERT INTO "GroupMembers" ("Id", "GroupId", "UserId", "Role", "JoinedAt") VALUES ('a9142fc3-a0a8-4232-8d44-5ccd76bae266', '2876838b-36c5-41a2-a8cc-0f82d57fc5b6', 'e72130fb-1619-4202-a79f-6604ade34f01', 'admin', TIMESTAMP '2025-12-05 17:11:58.173333');
INSERT INTO "GroupMembers" ("Id", "GroupId", "UserId", "Role", "JoinedAt") VALUES ('859ea609-c354-45ae-bdde-6892d8949db8', '2876838b-36c5-41a2-a8cc-0f82d57fc5b6', '7fea2a14-819d-43cb-b37c-23f3f6966ea5', 'member', TIMESTAMP '2025-12-05 17:11:58.173333');
INSERT INTO "GroupMembers" ("Id", "GroupId", "UserId", "Role", "JoinedAt") VALUES ('d4a412e8-c942-467a-b8e2-6c4d6a9715a6', '117aa6ca-8cc8-4695-8bb8-84ba0e48b499', 'b6233ea7-a2ff-49ae-8c3a-6b305e720f58', 'member', TIMESTAMP '2025-12-05 17:11:58.173333');
INSERT INTO "GroupMembers" ("Id", "GroupId", "UserId", "Role", "JoinedAt") VALUES ('4415919c-f6a3-4c56-9b82-715b05269038', '517c0b7b-d026-4d08-b1b1-117272a497f2', '0ff9ac64-3deb-450b-b332-aa7ae36fd398', 'member', TIMESTAMP '2025-12-05 17:11:58.173333');
INSERT INTO "GroupMembers" ("Id", "GroupId", "UserId", "Role", "JoinedAt") VALUES ('6b2e092a-b6e1-4082-b93c-73f9e1a58370', '1010d2a4-eaff-47a7-9bcc-76cd2eabdcb9', 'e2ffaeef-5187-4511-a7f3-174ce39ffc2a', 'admin', TIMESTAMP '2025-12-05 17:11:58.173333');
INSERT INTO "GroupMembers" ("Id", "GroupId", "UserId", "Role", "JoinedAt") VALUES ('c21ee790-6bbc-4672-9d4f-860e90526de6', 'fdfbb9b2-d625-401c-a8e6-fef4e783e397', '1f90039c-f0e2-48a6-816d-972666daee22', 'member', TIMESTAMP '2025-12-22 19:26:34.761324');
INSERT INTO "GroupMembers" ("Id", "GroupId", "UserId", "Role", "JoinedAt") VALUES ('3ea6971b-7ab9-4aea-917b-8c23ea027bd5', '1010d2a4-eaff-47a7-9bcc-76cd2eabdcb9', '0ff9ac64-3deb-450b-b332-aa7ae36fd398', 'member', TIMESTAMP '2025-12-05 17:11:58.173333');
INSERT INTO "GroupMembers" ("Id", "GroupId", "UserId", "Role", "JoinedAt") VALUES ('74838599-bbd8-4a17-8066-947315e92aef', '1010d2a4-eaff-47a7-9bcc-76cd2eabdcb9', '8017107e-ecd0-4862-bc75-e6cf2bd9eab5', 'member', TIMESTAMP '2025-12-05 17:11:58.173333');
INSERT INTO "GroupMembers" ("Id", "GroupId", "UserId", "Role", "JoinedAt") VALUES ('88e8e9af-9233-4377-93db-a3088c1ba44b', 'fdfbb9b2-d625-401c-a8e6-fef4e783e397', 'ad30c7f2-8d3a-4e0f-a951-72a15afb1902', 'admin', TIMESTAMP '2025-12-22 19:24:11.710604');
INSERT INTO "GroupMembers" ("Id", "GroupId", "UserId", "Role", "JoinedAt") VALUES ('49afafea-b2df-4149-a776-a48446659045', '517c0b7b-d026-4d08-b1b1-117272a497f2', 'b6233ea7-a2ff-49ae-8c3a-6b305e720f58', 'member', TIMESTAMP '2025-12-05 17:11:58.173333');
INSERT INTO "GroupMembers" ("Id", "GroupId", "UserId", "Role", "JoinedAt") VALUES ('881d6d7b-35d8-4b84-9bee-a8a55f718d2d', '117aa6ca-8cc8-4695-8bb8-84ba0e48b499', '9642ed4d-193a-4472-b63f-55f0357e6336', 'admin', TIMESTAMP '2025-12-05 17:11:58.173333');
INSERT INTO "GroupMembers" ("Id", "GroupId", "UserId", "Role", "JoinedAt") VALUES ('1c89289a-5001-4ea1-85f0-d0331b9a2fca', '1010d2a4-eaff-47a7-9bcc-76cd2eabdcb9', '9642ed4d-193a-4472-b63f-55f0357e6336', 'member', TIMESTAMP '2025-12-05 17:11:58.173333');
INSERT INTO "GroupMembers" ("Id", "GroupId", "UserId", "Role", "JoinedAt") VALUES ('475cd079-2508-4f23-8408-e2a4d3831751', '2876838b-36c5-41a2-a8cc-0f82d57fc5b6', '09c31bd3-2336-4135-86f8-a82083a991f4', 'member', TIMESTAMP '2025-12-05 17:11:58.173333');
INSERT INTO "GroupMembers" ("Id", "GroupId", "UserId", "Role", "JoinedAt") VALUES ('646e3634-ebd7-4067-998c-e5b9b3aaf589', '65e7f40e-13aa-458d-9075-e46f423df73d', 'e2ffaeef-5187-4511-a7f3-174ce39ffc2a', 'member', TIMESTAMP '2025-12-05 17:11:58.173333');
INSERT INTO "GroupMembers" ("Id", "GroupId", "UserId", "Role", "JoinedAt") VALUES ('04c7aac8-5baa-49f5-acb0-f016ac035f4f', '1010d2a4-eaff-47a7-9bcc-76cd2eabdcb9', '6cce5b34-5f21-4aee-8335-80a65075324a', 'moderator', TIMESTAMP '2025-12-05 17:11:58.173333');
INSERT INTO "GroupMembers" ("Id", "GroupId", "UserId", "Role", "JoinedAt") VALUES ('376f276f-4711-4ab6-972c-f762b3f911a2', '117aa6ca-8cc8-4695-8bb8-84ba0e48b499', 'e2ffaeef-5187-4511-a7f3-174ce39ffc2a', 'moderator', TIMESTAMP '2025-12-05 17:11:58.173333');

-- Messages: 7 rows
INSERT INTO "Messages" ("Id", "SenderId", "ReceiverId", "Content", "IsRead", "CreatedAt") VALUES ('a96dbd7e-f83e-4a4c-9991-531ad0e34fa2', '9642ed4d-193a-4472-b63f-55f0357e6336', 'b6233ea7-a2ff-49ae-8c3a-6b305e720f58', 'Of course! What do you need?', FALSE, TIMESTAMP '2025-12-05 17:11:58.253333');
INSERT INTO "Messages" ("Id", "SenderId", "ReceiverId", "Content", "IsRead", "CreatedAt") VALUES ('2b583872-8d0e-4bfc-ad21-5dc55fe693f9', 'e2ffaeef-5187-4511-a7f3-174ce39ffc2a', '9642ed4d-193a-4472-b63f-55f0357e6336', 'Hey! Want to play some Valorant?', TRUE, TIMESTAMP '2025-12-05 17:11:58.253333');
INSERT INTO "Messages" ("Id", "SenderId", "ReceiverId", "Content", "IsRead", "CreatedAt") VALUES ('cb0c7752-c757-48b5-9a0a-6b10823d0351', '9642ed4d-193a-4472-b63f-55f0357e6336', 'e2ffaeef-5187-4511-a7f3-174ce39ffc2a', 'Sure! Give me 10 minutes', TRUE, TIMESTAMP '2025-12-05 17:11:58.253333');
INSERT INTO "Messages" ("Id", "SenderId", "ReceiverId", "Content", "IsRead", "CreatedAt") VALUES ('2e36284a-3384-4461-a7d2-ac3e772fe6e7', 'e2ffaeef-5187-4511-a7f3-174ce39ffc2a', '8017107e-ecd0-4862-bc75-e6cf2bd9eab5', 'Thanks! We should team up more often', TRUE, TIMESTAMP '2025-12-05 17:11:58.253333');
INSERT INTO "Messages" ("Id", "SenderId", "ReceiverId", "Content", "IsRead", "CreatedAt") VALUES ('08a29186-fbc4-442c-af0f-c8e5f83e0745', 'e2ffaeef-5187-4511-a7f3-174ce39ffc2a', '9642ed4d-193a-4472-b63f-55f0357e6336', 'Cool, I''ll be in the lobby', FALSE, TIMESTAMP '2025-12-05 17:11:58.253333');
INSERT INTO "Messages" ("Id", "SenderId", "ReceiverId", "Content", "IsRead", "CreatedAt") VALUES ('edab1bba-e2ba-4a52-80fd-f561054a39f9', 'b6233ea7-a2ff-49ae-8c3a-6b305e720f58', '9642ed4d-193a-4472-b63f-55f0357e6336', 'Can you help me with CS2 settings?', TRUE, TIMESTAMP '2025-12-05 17:11:58.253333');
INSERT INTO "Messages" ("Id", "SenderId", "ReceiverId", "Content", "IsRead", "CreatedAt") VALUES ('549e4a9d-28dc-4278-b250-f5cd9e3dad3b', '8017107e-ecd0-4862-bc75-e6cf2bd9eab5', 'e2ffaeef-5187-4511-a7f3-174ce39ffc2a', 'Great game yesterday!', TRUE, TIMESTAMP '2025-12-05 17:11:58.253333');

-- Notifications: 6 rows
INSERT INTO "Notifications" ("Id", "UserId", "Type", "Title", "Content", "RelatedId", "RelatedType", "IsRead", "CreatedAt") VALUES ('4a2ef5d1-7bb5-46f4-ad4a-06bf5b21f4d0', 'e2ffaeef-5187-4511-a7f3-174ce39ffc2a', 'friend_request', 'New Friend Request', 'Bob Trần sent you a friend request', '9642ed4d-193a-4472-b63f-55f0357e6336', 'user', FALSE, TIMESTAMP '2025-12-05 17:11:58.253333');
INSERT INTO "Notifications" ("Id", "UserId", "Type", "Title", "Content", "RelatedId", "RelatedType", "IsRead", "CreatedAt") VALUES ('fe6d8ed1-c69d-44fb-b348-3506be34df90', '9642ed4d-193a-4472-b63f-55f0357e6336', 'order_completed', 'Order Completed', 'Your order has been processed', '8db3114c-360f-42f3-811c-b4cdb4991957', 'order', TRUE, TIMESTAMP '2025-12-05 17:11:58.253333');
INSERT INTO "Notifications" ("Id", "UserId", "Type", "Title", "Content", "RelatedId", "RelatedType", "IsRead", "CreatedAt") VALUES ('d464a9c2-79af-41cb-bcbf-59f88f6260d3', '8017107e-ecd0-4862-bc75-e6cf2bd9eab5', 'group_invite', 'Group Invitation', 'You were invited to FPS Legends', '117aa6ca-8cc8-4695-8bb8-84ba0e48b499', 'group', TRUE, TIMESTAMP '2025-12-05 17:11:58.253333');
INSERT INTO "Notifications" ("Id", "UserId", "Type", "Title", "Content", "RelatedId", "RelatedType", "IsRead", "CreatedAt") VALUES ('7ceeacd9-52ca-44da-b21e-9c8ecaaa162a', 'b6233ea7-a2ff-49ae-8c3a-6b305e720f58', 'video_uploaded', 'New Video', 'Alice Nguyễn uploaded a new video!', 'cb33e2e0-d34b-430a-9aa2-ddc9c8d521e8', 'video', FALSE, TIMESTAMP '2025-12-05 17:11:58.253333');
INSERT INTO "Notifications" ("Id", "UserId", "Type", "Title", "Content", "RelatedId", "RelatedType", "IsRead", "CreatedAt") VALUES ('58e3ba39-109e-43da-9551-bc1995803dcc', 'e2ffaeef-5187-4511-a7f3-174ce39ffc2a', 'post_like', 'Someone liked your post', 'Charlie Lê liked your post', '7e06b9f7-da5d-461c-9378-07b1e98cfff1', 'post', TRUE, TIMESTAMP '2025-12-05 17:11:58.253333');
INSERT INTO "Notifications" ("Id", "UserId", "Type", "Title", "Content", "RelatedId", "RelatedType", "IsRead", "CreatedAt") VALUES ('5c18b3c4-4785-4cc4-9427-ec603856c8ed', 'e2ffaeef-5187-4511-a7f3-174ce39ffc2a', 'comment', 'New Comment', 'Diana Phạm commented on your post', '7e06b9f7-da5d-461c-9378-07b1e98cfff1', 'post', FALSE, TIMESTAMP '2025-12-05 17:11:58.253333');

-- StoreProducts: 42 rows
INSERT INTO "StoreProducts" ("Id", "Name", "Description", "CoverImageUrl", "Price", "Category", "GameId", "Rating", "ReviewsCount", "Status", "CreatedAt") VALUES ('2ee19c66-be2f-49fb-8e01-018f9ec8bd4a', 'Gaming Keyboard RGB', 'Mechanical keyboard with full RGB lighting', 'https://res.cloudinary.com/dkpyqplio/image/upload/v1764664256/11572b8773265e2bd03f10194890734c_frcwkc.jpg', 1200000.00, 'Keyboard', NULL, 4.80, 1543, 'online', TIMESTAMP '2025-12-05 17:11:58.223333');
INSERT INTO "StoreProducts" ("Id", "Name", "Description", "CoverImageUrl", "Price", "Category", "GameId", "Rating", "ReviewsCount", "Status", "CreatedAt") VALUES ('3d5965fb-d6ec-4e6a-9d26-0714f532329b', 'USB Capture Card 4K', 'High-quality 4K60 streaming capture card', 'https://res.cloudinary.com/dkpyqplio/image/upload/v1764666552/ad53f76e3c4f1f8e32dbc8796285343f_vihmdk.jpg', 2100000.00, 'Streaming', NULL, 4.90, 690, 'online', TIMESTAMP '2025-12-05 17:11:58.223333');
INSERT INTO "StoreProducts" ("Id", "Name", "Description", "CoverImageUrl", "Price", "Category", "GameId", "Rating", "ReviewsCount", "Status", "CreatedAt") VALUES ('0f7b0f95-1422-4add-a982-0899219fbd0d', 'HDMI 2.1 Cable 8K', 'Ultra high speed 8K HDMI cable', 'https://res.cloudinary.com/dkpyqplio/image/upload/v1764666262/1c44dd796f60e9d2b619799e5f3d768e_u4n6qj.jpg', 180000.00, 'Accessories', NULL, 4.90, 480, 'online', TIMESTAMP '2025-12-05 17:11:58.223333');
INSERT INTO "StoreProducts" ("Id", "Name", "Description", "CoverImageUrl", "Price", "Category", "GameId", "Rating", "ReviewsCount", "Status", "CreatedAt") VALUES ('37146fd9-9807-494d-ad04-0dff8be42228', 'Ergonomic Wrist Rest', 'Memory foam wrist support for typing & gaming', 'https://res.cloudinary.com/dkpyqplio/image/upload/v1764664891/e87f46ecef695cbec44fc7a50c3642a4_lbugyr.jpg', 120000.00, 'Accessories', NULL, 4.60, 540, 'online', TIMESTAMP '2025-12-05 17:11:58.223333');
INSERT INTO "StoreProducts" ("Id", "Name", "Description", "CoverImageUrl", "Price", "Category", "GameId", "Rating", "ReviewsCount", "Status", "CreatedAt") VALUES ('b21b66ad-a998-49cf-a177-1a69704c1851', 'Gaming Laptop 4060', 'Powerful gaming laptop with RTX 4060', 'https://res.cloudinary.com/dkpyqplio/image/upload/v1764666338/2f4d6097a1c8c8607cc8198abe72422d_z1gp53.jpg', 28500000.00, 'Laptop', NULL, 5.00, 241, 'online', TIMESTAMP '2025-12-05 17:11:58.223333');
INSERT INTO "StoreProducts" ("Id", "Name", "Description", "CoverImageUrl", "Price", "Category", "GameId", "Rating", "ReviewsCount", "Status", "CreatedAt") VALUES ('d9a638f4-4945-4e71-97c1-212bc9a97950', 'Gaming Mousepad XXL', 'Extended anti-slip mousepad for gaming setups', 'https://res.cloudinary.com/dkpyqplio/image/upload/v1764664060/cb122bfc4692a1800358b6b05972d909_myv3pr.jpg', 250000.00, 'Accessories', NULL, 4.70, 2543, 'online', TIMESTAMP '2025-12-05 17:11:58.223333');
INSERT INTO "StoreProducts" ("Id", "Name", "Description", "CoverImageUrl", "Price", "Category", "GameId", "Rating", "ReviewsCount", "Status", "CreatedAt") VALUES ('65267272-2827-4b6b-a1ab-2c1e71057621', 'Gaming Speakers 2.1', 'Powerful 2.1 sound system with RGB', 'https://res.cloudinary.com/dkpyqplio/image/upload/v1764665041/3172d7f9a62d1b8893b30c75ed1cd438_g66hdg.jpg', 650000.00, 'Audio', NULL, 4.80, 1123, 'online', TIMESTAMP '2025-12-05 17:11:58.223333');
INSERT INTO "StoreProducts" ("Id", "Name", "Description", "CoverImageUrl", "Price", "Category", "GameId", "Rating", "ReviewsCount", "Status", "CreatedAt") VALUES ('7433709c-012f-48ed-b8ae-2e0c07fa51f6', '1080p Game Streaming Webcam', 'Full HD webcam with auto-focus', 'https://res.cloudinary.com/dkpyqplio/image/upload/v1764665185/187597202bd6b9391873080cfcd4c264_dwf37z.jpg', 650000.00, 'Streaming', NULL, 4.70, 998, 'online', TIMESTAMP '2025-12-05 17:11:58.223333');
INSERT INTO "StoreProducts" ("Id", "Name", "Description", "CoverImageUrl", "Price", "Category", "GameId", "Rating", "ReviewsCount", "Status", "CreatedAt") VALUES ('0a177102-46ca-4689-995d-311eac2d83b7', 'VR Headset 2K', '2K virtual reality gaming headset', 'https://res.cloudinary.com/dkpyqplio/image/upload/v1764665956/5a1540fcce47084c4f27f149421117c9_xodjia.jpg', 8900000.00, 'VR', NULL, 4.80, 640, 'online', TIMESTAMP '2025-12-05 17:11:58.223333');
INSERT INTO "StoreProducts" ("Id", "Name", "Description", "CoverImageUrl", "Price", "Category", "GameId", "Rating", "ReviewsCount", "Status", "CreatedAt") VALUES ('a8b85058-1506-4f36-975c-37c0bc3c594d', 'PC Cooling RGB Fan Kit', '6 RGB fans with fan controller included', 'https://res.cloudinary.com/dkpyqplio/image/upload/v1764664438/6a562bb99ade0a69fe5bb915e2a6b613_u7bujc.jpg', 750000.00, 'Accessories', NULL, 4.80, 1321, 'online', TIMESTAMP '2025-12-05 17:11:58.223333');
INSERT INTO "StoreProducts" ("Id", "Name", "Description", "CoverImageUrl", "Price", "Category", "GameId", "Rating", "ReviewsCount", "Status", "CreatedAt") VALUES ('593b30b6-4822-42ff-9483-399d7c2106a1', '4TB External HDD', 'High capacity external storage', 'https://res.cloudinary.com/dkpyqplio/image/upload/v1764665995/23485874cb9db3e83d32322212396a8e_chqcc0.jpg', 2200000.00, 'Storage', NULL, 4.70, 810, 'online', TIMESTAMP '2025-12-05 17:11:58.223333');
INSERT INTO "StoreProducts" ("Id", "Name", "Description", "CoverImageUrl", "Price", "Category", "GameId", "Rating", "ReviewsCount", "Status", "CreatedAt") VALUES ('59349f92-8712-47c0-b9b8-3ae6939ac652', 'Portable Gaming Monitor 15.6"', 'Portable 1080p display for gaming & travel', 'https://res.cloudinary.com/dkpyqplio/image/upload/v1764666040/e23a55872794f9ddf6dbe943759e91cc_spfhek.jpg', 3200000.00, 'Monitor', NULL, 4.80, 520, 'online', TIMESTAMP '2025-12-05 17:11:58.223333');
INSERT INTO "StoreProducts" ("Id", "Name", "Description", "CoverImageUrl", "Price", "Category", "GameId", "Rating", "ReviewsCount", "Status", "CreatedAt") VALUES ('162a46ca-ad65-4e0b-b742-3c2b2f09265a', 'Custom Gaming PC', 'Ryzen 5 + RTX 3060 + 16GB RAM custom build PC', 'https://res.cloudinary.com/dkpyqplio/image/upload/v1764664330/fdd2b16384b82cc7946b714f770e3850_zbkaam.jpg', 18500000.00, 'PC', NULL, 5.00, 320, 'online', TIMESTAMP '2025-12-05 17:11:58.223333');
INSERT INTO "StoreProducts" ("Id", "Name", "Description", "CoverImageUrl", "Price", "Category", "GameId", "Rating", "ReviewsCount", "Status", "CreatedAt") VALUES ('f6202cfb-5a6d-4c35-ab8f-4d41e15c29e9', '4K Gaming Monitor 165Hz', '27-inch 4K IPS panel with 165Hz refresh rate', 'https://res.cloudinary.com/dkpyqplio/image/upload/v1764665625/6716e17535e1af11791c9c249d9c2347_zjxrct.jpg', 7900000.00, 'Monitor', NULL, 4.90, 1340, 'online', TIMESTAMP '2025-12-05 17:11:58.223333');
INSERT INTO "StoreProducts" ("Id", "Name", "Description", "CoverImageUrl", "Price", "Category", "GameId", "Rating", "ReviewsCount", "Status", "CreatedAt") VALUES ('a3c6e2f0-12e0-445d-b1f9-57311dd8cfff', 'Wireless Earbuds Pro', 'Noise-cancelling gaming earbuds', 'https://res.cloudinary.com/dkpyqplio/image/upload/v1764581138/tai8_ia8dvb.jpg', 890000.00, 'Audio', NULL, 4.70, 1540, 'online', TIMESTAMP '2025-12-05 17:11:58.223333');
INSERT INTO "StoreProducts" ("Id", "Name", "Description", "CoverImageUrl", "Price", "Category", "GameId", "Rating", "ReviewsCount", "Status", "CreatedAt") VALUES ('8fb6de5a-6658-4098-b684-58adb78f662d', 'Smart Ambient RGB Light', 'Smart ambient lamp with app control', 'https://res.cloudinary.com/dkpyqplio/image/upload/v1764666401/f21c75b2df1d49ca489a5876cac25a9d_ba0e3u.jpg', 580000.00, 'Accessories', NULL, 4.80, 901, 'online', TIMESTAMP '2025-12-05 17:11:58.223333');
INSERT INTO "StoreProducts" ("Id", "Name", "Description", "CoverImageUrl", "Price", "Category", "GameId", "Rating", "ReviewsCount", "Status", "CreatedAt") VALUES ('4800450c-efbd-49a6-9348-61327eacc45a', 'Gaming Microphone USB', 'High-quality USB microphone for streaming & gaming', 'https://res.cloudinary.com/dkpyqplio/image/upload/v1764581132/mic4_xvzb1i.jpg', 950000.00, 'Streaming', NULL, 4.90, 2540, 'online', TIMESTAMP '2025-12-05 17:11:58.223333');
INSERT INTO "StoreProducts" ("Id", "Name", "Description", "CoverImageUrl", "Price", "Category", "GameId", "Rating", "ReviewsCount", "Status", "CreatedAt") VALUES ('afeda660-06eb-4b82-bb78-6dfd61db4f16', 'Portable SSD 1TB', 'High-speed NVMe portable SSD', 'https://res.cloudinary.com/dkpyqplio/image/upload/v1764665221/8b2137add1dc21556b261b2ab424afac_pbx04m.jpg', 1900000.00, 'Storage', NULL, 4.90, 1304, 'online', TIMESTAMP '2025-12-05 17:11:58.223333');
INSERT INTO "StoreProducts" ("Id", "Name", "Description", "CoverImageUrl", "Price", "Category", "GameId", "Rating", "ReviewsCount", "Status", "CreatedAt") VALUES ('eefcfccf-70b3-41d7-b8b1-8ca8dbc73e48', 'RGB PC Case ATX', 'ATX mid-tower case with tempered glass', 'https://res.cloudinary.com/dkpyqplio/image/upload/v1764666223/e6e6fbb7759301156a16502813a55393_wesb7z.jpg', 1500000.00, 'PC Hardware', NULL, 4.80, 704, 'online', TIMESTAMP '2025-12-05 17:11:58.223333');
INSERT INTO "StoreProducts" ("Id", "Name", "Description", "CoverImageUrl", "Price", "Category", "GameId", "Rating", "ReviewsCount", "Status", "CreatedAt") VALUES ('040256c9-2123-4b2f-b35a-98cff140bde3', 'RGB GPU Support Bracket', 'Support bracket to prevent GPU sag', 'https://res.cloudinary.com/dkpyqplio/image/upload/v1764666101/0931eb7298d8666bbb625b5f9a6e3781_qnm56a.jpg', 240000.00, 'PC Hardware', NULL, 4.60, 315, 'online', TIMESTAMP '2025-12-05 17:11:58.223333');
INSERT INTO "StoreProducts" ("Id", "Name", "Description", "CoverImageUrl", "Price", "Category", "GameId", "Rating", "ReviewsCount", "Status", "CreatedAt") VALUES ('62886cf7-b227-4925-be01-a0fff2574634', 'Gaming Router WiFi 6', 'High speed WiFi 6 router for stable gaming', 'https://res.cloudinary.com/dkpyqplio/image/upload/v1764665146/4d2b9c1ee7c2c9fc64b985111c3fa183_xshecu.jpg', 2600000.00, 'Network', NULL, 4.80, 774, 'online', TIMESTAMP '2025-12-05 17:11:58.223333');
INSERT INTO "StoreProducts" ("Id", "Name", "Description", "CoverImageUrl", "Price", "Category", "GameId", "Rating", "ReviewsCount", "Status", "CreatedAt") VALUES ('83120343-5769-4f8a-ae6c-a4b5c26a72c3', 'Gaming Chair Pro', 'Ergonomic gaming chair with neck & lumbar support', 'https://res.cloudinary.com/dkpyqplio/image/upload/v1764581135/game1_xzitpb.jpg', 3200000.00, 'Chair', NULL, 4.80, 987, 'online', TIMESTAMP '2025-12-05 17:11:58.223333');
INSERT INTO "StoreProducts" ("Id", "Name", "Description", "CoverImageUrl", "Price", "Category", "GameId", "Rating", "ReviewsCount", "Status", "CreatedAt") VALUES ('a2a89f93-76fa-4c76-98ba-a941e4d35400', 'Nintendo Switch OLED', 'Portable gaming console with OLED display', 'https://res.cloudinary.com/dkpyqplio/image/upload/v1764581137/tai3_r0m36e.jpg', 8500000.00, 'Console', NULL, 4.90, 4876, 'online', TIMESTAMP '2025-12-05 17:11:58.223333');
INSERT INTO "StoreProducts" ("Id", "Name", "Description", "CoverImageUrl", "Price", "Category", "GameId", "Rating", "ReviewsCount", "Status", "CreatedAt") VALUES ('57b2ca38-c857-4411-bfe5-a9c2a3ce3a7d', 'RGB LED Light Strip', '5-meter RGB strip for PC & gaming room', 'https://res.cloudinary.com/dkpyqplio/image/upload/v1764664975/bed014ff7053ffc1ad3626a67ba7721f_jlgeag.jpg', 180000.00, 'Accessories', NULL, 4.70, 870, 'online', TIMESTAMP '2025-12-05 17:11:58.223333');
INSERT INTO "StoreProducts" ("Id", "Name", "Description", "CoverImageUrl", "Price", "Category", "GameId", "Rating", "ReviewsCount", "Status", "CreatedAt") VALUES ('26cc1a0f-1429-485c-8af8-ae02f66777ec', 'RTX 4060 Graphics Card', 'Powerful mid-range GPU for gaming', 'https://res.cloudinary.com/dkpyqplio/image/upload/v1764665688/7ed4383c95fb56e0556268623d42c2e7_bpm73z.jpg', 9500000.00, 'PC Hardware', NULL, 5.00, 420, 'online', TIMESTAMP '2025-12-05 17:11:58.223333');
INSERT INTO "StoreProducts" ("Id", "Name", "Description", "CoverImageUrl", "Price", "Category", "GameId", "Rating", "ReviewsCount", "Status", "CreatedAt") VALUES ('e2c6287b-2e3d-4354-9e4b-b1737458cb30', 'Racing Wheel Pro', 'Steering wheel + pedals for racing games', 'https://res.cloudinary.com/dkpyqplio/image/upload/v1764665909/4b1134eddd58cf3dd9914eaba9a6a6d8_rjtf0g.jpg', 4500000.00, 'Racing Gear', NULL, 4.90, 521, 'online', TIMESTAMP '2025-12-05 17:11:58.223333');
INSERT INTO "StoreProducts" ("Id", "Name", "Description", "CoverImageUrl", "Price", "Category", "GameId", "Rating", "ReviewsCount", "Status", "CreatedAt") VALUES ('42f61b4d-5968-42c8-9eb5-b796dc24237b', 'Gaming Desk LED', 'Sturdy gaming desk with RGB LED strips', 'https://res.cloudinary.com/dkpyqplio/image/upload/v1764664729/ae72cc309d7197dfa81b7e4c15fae3e2_abus3k.jpg', 2900000.00, 'Furniture', NULL, 4.80, 932, 'online', TIMESTAMP '2025-12-05 17:11:58.223333');
INSERT INTO "StoreProducts" ("Id", "Name", "Description", "CoverImageUrl", "Price", "Category", "GameId", "Rating", "ReviewsCount", "Status", "CreatedAt") VALUES ('c605d64e-8baa-44cc-b0a9-b98f6e07f488', 'Laptop Cooling Pad RGB', 'High-airflow cooling pad with RGB fans', 'https://res.cloudinary.com/dkpyqplio/image/upload/v1764665818/6cb987b3e2dffe9f6a8e3c92a3872b73_zy7gcd.jpg', 350000.00, 'Accessories', NULL, 4.80, 920, 'online', TIMESTAMP '2025-12-05 17:11:58.223333');
INSERT INTO "StoreProducts" ("Id", "Name", "Description", "CoverImageUrl", "Price", "Category", "GameId", "Rating", "ReviewsCount", "Status", "CreatedAt") VALUES ('3d91d1bf-5413-42ee-838c-c94685f80580', 'Wireless Gaming Mouse', 'High precision 16,000 DPI wireless gaming mouse', 'https://res.cloudinary.com/dkpyqplio/image/upload/v1764663798/a8d1ff4d601ab408dfbbec8dd8cde10f_u0bb8v.jpg', 850000.00, 'Mouse', NULL, 4.70, 1320, 'online', TIMESTAMP '2025-12-05 17:11:58.223333');
INSERT INTO "StoreProducts" ("Id", "Name", "Description", "CoverImageUrl", "Price", "Category", "GameId", "Rating", "ReviewsCount", "Status", "CreatedAt") VALUES ('7c057a04-a451-425b-afe3-cc8cc79eed69', 'RGB Desk Lamp', 'LED desk lamp with smart RGB controls', 'https://res.cloudinary.com/dkpyqplio/image/upload/v1764666753/ab889007a0efc66afcc39331324d0935_peg9iz.jpg', 350000.00, 'Accessories', NULL, 4.80, 503, 'online', TIMESTAMP '2025-12-05 17:11:58.223333');
INSERT INTO "StoreProducts" ("Id", "Name", "Description", "CoverImageUrl", "Price", "Category", "GameId", "Rating", "ReviewsCount", "Status", "CreatedAt") VALUES ('4d95dbcb-6be3-42ac-aabb-d4642104bbbd', 'Gaming Glove Anti-sweat', 'Breathable glove for mobile gaming', 'https://res.cloudinary.com/dkpyqplio/image/upload/v1764665585/08c789e4bb59697d649c6a3f1d0642ab_wz7ei0.jpg', 80000.00, 'Accessories', NULL, 4.60, 714, 'online', TIMESTAMP '2025-12-05 17:11:58.223333');
INSERT INTO "StoreProducts" ("Id", "Name", "Description", "CoverImageUrl", "Price", "Category", "GameId", "Rating", "ReviewsCount", "Status", "CreatedAt") VALUES ('ea316f62-e743-4758-907f-d934a7950ae5', '32GB DDR5 RAM Kit', 'High performance DDR5 dual-channel RAM', 'https://res.cloudinary.com/dkpyqplio/image/upload/v1764665737/1a19c5e80dd3b6e3d77397fb9b0582c5_y0sevg.jpg', 3200000.00, 'PC Hardware', NULL, 4.90, 610, 'online', TIMESTAMP '2025-12-05 17:11:58.223333');
INSERT INTO "StoreProducts" ("Id", "Name", "Description", "CoverImageUrl", "Price", "Category", "GameId", "Rating", "ReviewsCount", "Status", "CreatedAt") VALUES ('dc8b628c-cefe-4741-9081-e021a4d5288f', 'PS5 Console Standard Edition', 'Next-gen PlayStation 5 gaming console', 'https://res.cloudinary.com/dkpyqplio/image/upload/v1764663660/1dc81605b5c40692703b2ea2faf3e2ee_g8vnkn.jpg', 13500000.00, 'Console', NULL, 4.90, 5421, 'online', TIMESTAMP '2025-12-05 17:11:58.223333');
INSERT INTO "StoreProducts" ("Id", "Name", "Description", "CoverImageUrl", "Price", "Category", "GameId", "Rating", "ReviewsCount", "Status", "CreatedAt") VALUES ('c5621bd3-e5ab-4198-9e61-e43b0dea7ca3', 'Xbox Series X', 'Microsoft next-gen 4K gaming console', 'https://res.cloudinary.com/dkpyqplio/image/upload/v1764663383/5f6a5ec479b639d6281ad96e199010f6_ialhqi.jpg', 12500000.00, 'Console', NULL, 4.80, 3120, 'online', TIMESTAMP '2025-12-05 17:11:58.223333');
INSERT INTO "StoreProducts" ("Id", "Name", "Description", "CoverImageUrl", "Price", "Category", "GameId", "Rating", "ReviewsCount", "Status", "CreatedAt") VALUES ('4a1fafe1-a505-456a-a823-e5ac863c2321', 'Gaming Smartphone Controller', 'Bluetooth controller for mobile gaming', 'https://res.cloudinary.com/dkpyqplio/image/upload/v1764665869/87d621f0ccd87649c89c73d89f28b9bb_wxbsyw.jpg', 480000.00, 'Mobile', NULL, 4.70, 840, 'online', TIMESTAMP '2025-12-05 17:11:58.223333');
INSERT INTO "StoreProducts" ("Id", "Name", "Description", "CoverImageUrl", "Price", "Category", "GameId", "Rating", "ReviewsCount", "Status", "CreatedAt") VALUES ('b997d746-4381-42fc-9e1d-e77cbbdbf74f', 'Gaming Earphones with Mic', 'Dual-driver earphones for gaming', 'https://res.cloudinary.com/dkpyqplio/image/upload/v1764581132/mic3_bxiuou.jpg', 290000.00, 'Audio', NULL, 4.70, 650, 'online', TIMESTAMP '2025-12-05 17:11:58.223333');
INSERT INTO "StoreProducts" ("Id", "Name", "Description", "CoverImageUrl", "Price", "Category", "GameId", "Rating", "ReviewsCount", "Status", "CreatedAt") VALUES ('2264c2a2-6d4b-43d8-8962-e9decbe520b0', 'Gaming Backpack', 'Water-resistant bag for gaming laptops', 'https://res.cloudinary.com/dkpyqplio/image/upload/v1764665775/5004e16050eb8e36d55d738f0074d826_ca7fyn.jpg', 650000.00, 'Accessories', NULL, 4.70, 433, 'online', TIMESTAMP '2025-12-05 17:11:58.223333');
INSERT INTO "StoreProducts" ("Id", "Name", "Description", "CoverImageUrl", "Price", "Category", "GameId", "Rating", "ReviewsCount", "Status", "CreatedAt") VALUES ('aac79475-b021-4d65-a9d3-f21256bb30aa', 'Gaming Monitor 144Hz', '24-inch full HD 144Hz high refresh rate monitor', 'https://res.cloudinary.com/dkpyqplio/image/upload/v1764581333/b4f0696c1dad73887beae50e3b4e48ae_nwbrhk.jpg', 3800000.00, 'Monitor', NULL, 4.90, 1820, 'online', TIMESTAMP '2025-12-05 17:11:58.223333');
INSERT INTO "StoreProducts" ("Id", "Name", "Description", "CoverImageUrl", "Price", "Category", "GameId", "Rating", "ReviewsCount", "Status", "CreatedAt") VALUES ('3f1853dd-9536-4ca0-8454-f3f2a8ef5e9e', 'Wireless Charging Stand RGB', 'Fast charging stand with RGB lighting', 'https://res.cloudinary.com/dkpyqplio/image/upload/v1764666303/30fa31c7d0014b283c13e92f27e89548_iy5wlv.jpg', 350000.00, 'Accessories', NULL, 4.70, 788, 'online', TIMESTAMP '2025-12-05 17:11:58.223333');
INSERT INTO "StoreProducts" ("Id", "Name", "Description", "CoverImageUrl", "Price", "Category", "GameId", "Rating", "ReviewsCount", "Status", "CreatedAt") VALUES ('395ba71a-fe8e-4e72-aa61-f5cc6a1007f4', 'Mechanical Keycaps Set', 'PBT double-shot keycap set', 'https://res.cloudinary.com/dkpyqplio/image/upload/v1764665413/4a2b889155377e06fd8f35149af1abf5_klolmy.jpg', 350000.00, 'Keyboard', NULL, 4.80, 742, 'online', TIMESTAMP '2025-12-05 17:11:58.223333');
INSERT INTO "StoreProducts" ("Id", "Name", "Description", "CoverImageUrl", "Price", "Category", "GameId", "Rating", "ReviewsCount", "Status", "CreatedAt") VALUES ('bce67782-4e08-4276-8faf-f7bb6d655dd8', 'Gaming Headset 7.1', 'Virtual 7.1 surround sound gaming headset', 'https://res.cloudinary.com/dkpyqplio/image/upload/v1764581139/tai9_ji4idp.jpg', 950000.00, 'Headset', NULL, 4.90, 2104, 'online', TIMESTAMP '2025-12-05 17:11:58.223333');
INSERT INTO "StoreProducts" ("Id", "Name", "Description", "CoverImageUrl", "Price", "Category", "GameId", "Rating", "ReviewsCount", "Status", "CreatedAt") VALUES ('a5ab4cbe-8b23-4cac-8da1-fd3e140f4294', 'Gaming HDMI Capture Box', 'Portable HDMI capture device for gamers', 'https://res.cloudinary.com/dkpyqplio/image/upload/v1764666436/87337e6186b8ac1004082870ee1be833_ijhgw9.jpg', 1200000.00, 'Streaming', NULL, 4.80, 350, 'online', TIMESTAMP '2025-12-05 17:11:58.223333');

-- StoreOrders: 17 rows
INSERT INTO "StoreOrders" ("Id", "UserId", "ProductId", "Quantity", "TotalAmount", "Status", "CreatedAt") VALUES ('48d4b053-2156-421c-82be-0146dd85e91a', 'e2ffaeef-5187-4511-a7f3-174ce39ffc2a', NULL, 1, 30580000.00, 'Confirmed', TIMESTAMP '2025-12-05 17:14:41.244287');
INSERT INTO "StoreOrders" ("Id", "UserId", "ProductId", "Quantity", "TotalAmount", "Status", "CreatedAt") VALUES ('a4bc558b-85e6-4fe4-9d27-2109e6355304', 'e2ffaeef-5187-4511-a7f3-174ce39ffc2a', 'bce67782-4e08-4276-8faf-f7bb6d655dd8', 1, 50000.00, 'Shipping', TIMESTAMP '2025-12-05 17:11:58.256666');
INSERT INTO "StoreOrders" ("Id", "UserId", "ProductId", "Quantity", "TotalAmount", "Status", "CreatedAt") VALUES ('1a502da3-1bde-4103-933f-33608b04c46d', 'e2ffaeef-5187-4511-a7f3-174ce39ffc2a', NULL, 1, 39530000.00, 'completed', TIMESTAMP '2025-12-22 17:33:08.193151');
INSERT INTO "StoreOrders" ("Id", "UserId", "ProductId", "Quantity", "TotalAmount", "Status", "CreatedAt") VALUES ('322a199b-f102-4e37-9de3-34768a9886b2', 'ad30c7f2-8d3a-4e0f-a951-72a15afb1902', NULL, 1, 28530000.00, 'completed', TIMESTAMP '2025-12-22 19:22:32.044060');
INSERT INTO "StoreOrders" ("Id", "UserId", "ProductId", "Quantity", "TotalAmount", "Status", "CreatedAt") VALUES ('bce7a68c-5be0-4781-a82e-4258cdd5af95', '8017107e-ecd0-4862-bc75-e6cf2bd9eab5', '4800450c-efbd-49a6-9348-61327eacc45a', 1, 100000.00, 'pending', TIMESTAMP '2025-12-05 17:11:58.256666');
INSERT INTO "StoreOrders" ("Id", "UserId", "ProductId", "Quantity", "TotalAmount", "Status", "CreatedAt") VALUES ('8764f77d-cf7f-46b4-817d-60e10ddf002b', 'e2ffaeef-5187-4511-a7f3-174ce39ffc2a', NULL, 1, 1350000.00, 'Confirmed', TIMESTAMP '2025-12-09 22:09:26.538078');
INSERT INTO "StoreOrders" ("Id", "UserId", "ProductId", "Quantity", "TotalAmount", "Status", "CreatedAt") VALUES ('4c626cd3-609f-423b-b0ea-6bd02ee99759', '8017107e-ecd0-4862-bc75-e6cf2bd9eab5', '3d91d1bf-5413-42ee-838c-c94685f80580', 1, 100000.00, 'pending', TIMESTAMP '2025-12-05 17:11:58.256666');
INSERT INTO "StoreOrders" ("Id", "UserId", "ProductId", "Quantity", "TotalAmount", "Status", "CreatedAt") VALUES ('44e41eb3-9562-4539-ad5d-9728d2155504', '9642ed4d-193a-4472-b63f-55f0357e6336', 'bce67782-4e08-4276-8faf-f7bb6d655dd8', 1, 150000.00, 'completed', TIMESTAMP '2025-12-05 17:11:58.256666');
INSERT INTO "StoreOrders" ("Id", "UserId", "ProductId", "Quantity", "TotalAmount", "Status", "CreatedAt") VALUES ('c1309787-cdd9-4abf-bfb8-9cc75588d74f', 'b6233ea7-a2ff-49ae-8c3a-6b305e720f58', '57b2ca38-c857-4411-bfe5-a9c2a3ce3a7d', 1, 400000.00, 'completed', TIMESTAMP '2025-12-05 17:11:58.256666');
INSERT INTO "StoreOrders" ("Id", "UserId", "ProductId", "Quantity", "TotalAmount", "Status", "CreatedAt") VALUES ('a9f7e8ba-64a5-41b1-a6f9-aa25ff1f0a12', '0ff9ac64-3deb-450b-b332-aa7ae36fd398', 'dc8b628c-cefe-4741-9081-e021a4d5288f', 2, 500000.00, 'completed', TIMESTAMP '2025-12-05 17:11:58.256666');
INSERT INTO "StoreOrders" ("Id", "UserId", "ProductId", "Quantity", "TotalAmount", "Status", "CreatedAt") VALUES ('0f3a5d3e-a8ac-46ce-9d86-ae842d02c0a4', '1f90039c-f0e2-48a6-816d-972666daee22', NULL, 1, 14430000.00, 'Confirmed', TIMESTAMP '2025-12-23 08:35:01.158080');
INSERT INTO "StoreOrders" ("Id", "UserId", "ProductId", "Quantity", "TotalAmount", "Status", "CreatedAt") VALUES ('8db3114c-360f-42f3-811c-b4cdb4991957', 'e2ffaeef-5187-4511-a7f3-174ce39ffc2a', '2ee19c66-be2f-49fb-8e01-018f9ec8bd4a', 1, 50000.00, 'Confirmed', TIMESTAMP '2025-12-05 17:11:58.256666');
INSERT INTO "StoreOrders" ("Id", "UserId", "ProductId", "Quantity", "TotalAmount", "Status", "CreatedAt") VALUES ('a34566e6-cda6-4840-bcac-b6cf81c32da4', 'b6233ea7-a2ff-49ae-8c3a-6b305e720f58', 'aac79475-b021-4d65-a9d3-f21256bb30aa', 1, 400000.00, 'completed', TIMESTAMP '2025-12-05 17:11:58.256666');
INSERT INTO "StoreOrders" ("Id", "UserId", "ProductId", "Quantity", "TotalAmount", "Status", "CreatedAt") VALUES ('405fbe57-3b20-47ed-abb8-e0dc6d41e43d', '9642ed4d-193a-4472-b63f-55f0357e6336', '2ee19c66-be2f-49fb-8e01-018f9ec8bd4a', 1, 150000.00, 'completed', TIMESTAMP '2025-12-05 17:11:58.256666');
INSERT INTO "StoreOrders" ("Id", "UserId", "ProductId", "Quantity", "TotalAmount", "Status", "CreatedAt") VALUES ('7bd365ff-dfa1-4f50-a521-e1ecfab915fc', 'e2ffaeef-5187-4511-a7f3-174ce39ffc2a', NULL, 1, 1230000.00, 'pending', TIMESTAMP '2025-12-22 17:35:32.151636');
INSERT INTO "StoreOrders" ("Id", "UserId", "ProductId", "Quantity", "TotalAmount", "Status", "CreatedAt") VALUES ('de8cda72-ce27-4d3c-a01e-ebdf82862258', 'ad30c7f2-8d3a-4e0f-a951-72a15afb1902', NULL, 1, 27090000.00, 'completed', TIMESTAMP '2025-12-22 19:22:47.403242');
INSERT INTO "StoreOrders" ("Id", "UserId", "ProductId", "Quantity", "TotalAmount", "Status", "CreatedAt") VALUES ('f9a2b8a4-906f-4d37-816c-eee63caa4fe4', '0ff9ac64-3deb-450b-b332-aa7ae36fd398', '3d5965fb-d6ec-4e6a-9d26-0714f532329b', 2, 500000.00, 'completed', TIMESTAMP '2025-12-05 17:11:58.256666');

-- OrderItems: 19 rows
INSERT INTO "OrderItems" ("Id", "OrderId", "ProductId", "ProductName", "Quantity", "UnitPrice", "TotalPrice") VALUES ('15cbee72-a064-49b7-a18f-17003547388e', '8db3114c-360f-42f3-811c-b4cdb4991957', '2ee19c66-be2f-49fb-8e01-018f9ec8bd4a', 'Premium Avatar Frame', 1, 50000.00, 50000.00);
INSERT INTO "OrderItems" ("Id", "OrderId", "ProductId", "ProductName", "Quantity", "UnitPrice", "TotalPrice") VALUES ('684cfb1b-cd6a-4e82-90e1-249d6b7b783f', 'de8cda72-ce27-4d3c-a01e-ebdf82862258', '0a177102-46ca-4689-995d-311eac2d83b7', NULL, 3, 8900000.00, 26700000.00);
INSERT INTO "OrderItems" ("Id", "OrderId", "ProductId", "ProductName", "Quantity", "UnitPrice", "TotalPrice") VALUES ('a5a75c92-7ff4-44b1-a20a-34a31ac1a106', '48d4b053-2156-421c-82be-0146dd85e91a', '2ee19c66-be2f-49fb-8e01-018f9ec8bd4a', NULL, 1, 1200000.00, 1200000.00);
INSERT INTO "OrderItems" ("Id", "OrderId", "ProductId", "ProductName", "Quantity", "UnitPrice", "TotalPrice") VALUES ('0b524e18-f882-4e78-b964-36aa3faf9811', '44e41eb3-9562-4539-ad5d-9728d2155504', 'bce67782-4e08-4276-8faf-f7bb6d655dd8', 'VIP Membership - 1 Month', 1, 150000.00, 150000.00);
INSERT INTO "OrderItems" ("Id", "OrderId", "ProductId", "ProductName", "Quantity", "UnitPrice", "TotalPrice") VALUES ('99d89a48-2f2d-4df2-a024-40798069ef06', '0f3a5d3e-a8ac-46ce-9d86-ae842d02c0a4', '2ee19c66-be2f-49fb-8e01-018f9ec8bd4a', NULL, 3, 1200000.00, 3600000.00);
INSERT INTO "OrderItems" ("Id", "OrderId", "ProductId", "ProductName", "Quantity", "UnitPrice", "TotalPrice") VALUES ('801b0ec1-07ca-4067-a6e4-69e66726812e', '48d4b053-2156-421c-82be-0146dd85e91a', '3d91d1bf-5413-42ee-838c-c94685f80580', NULL, 1, 850000.00, 850000.00);
INSERT INTO "OrderItems" ("Id", "OrderId", "ProductId", "ProductName", "Quantity", "UnitPrice", "TotalPrice") VALUES ('6700ad5b-6ae6-4113-a3d7-6f78ab50f399', '1a502da3-1bde-4103-933f-33608b04c46d', '3d5965fb-d6ec-4e6a-9d26-0714f532329b', NULL, 1, 2100000.00, 2100000.00);
INSERT INTO "OrderItems" ("Id", "OrderId", "ProductId", "ProductName", "Quantity", "UnitPrice", "TotalPrice") VALUES ('dd579be0-f7c1-442b-b70a-784972530e3d', '1a502da3-1bde-4103-933f-33608b04c46d', 'b21b66ad-a998-49cf-a177-1a69704c1851', NULL, 1, 28500000.00, 28500000.00);
INSERT INTO "OrderItems" ("Id", "OrderId", "ProductId", "ProductName", "Quantity", "UnitPrice", "TotalPrice") VALUES ('5221ff91-b969-484e-9a62-7d9b56700719', '7bd365ff-dfa1-4f50-a521-e1ecfab915fc', '2ee19c66-be2f-49fb-8e01-018f9ec8bd4a', NULL, 1, 1200000.00, 1200000.00);
INSERT INTO "OrderItems" ("Id", "OrderId", "ProductId", "ProductName", "Quantity", "UnitPrice", "TotalPrice") VALUES ('dba39eef-70d8-4272-9f59-81ab715e464c', 'de8cda72-ce27-4d3c-a01e-ebdf82862258', '37146fd9-9807-494d-ad04-0dff8be42228', NULL, 3, 120000.00, 360000.00);
INSERT INTO "OrderItems" ("Id", "OrderId", "ProductId", "ProductName", "Quantity", "UnitPrice", "TotalPrice") VALUES ('c02ef5fa-89f8-4d45-b7d7-820626500edc', '322a199b-f102-4e37-9de3-34768a9886b2', 'b21b66ad-a998-49cf-a177-1a69704c1851', NULL, 1, 28500000.00, 28500000.00);
INSERT INTO "OrderItems" ("Id", "OrderId", "ProductId", "ProductName", "Quantity", "UnitPrice", "TotalPrice") VALUES ('2d386739-6e3f-4077-800c-99cd814309f9', '8764f77d-cf7f-46b4-817d-60e10ddf002b', '37146fd9-9807-494d-ad04-0dff8be42228', NULL, 1, 120000.00, 120000.00);
INSERT INTO "OrderItems" ("Id", "OrderId", "ProductId", "ProductName", "Quantity", "UnitPrice", "TotalPrice") VALUES ('b8a2f9a9-8e21-4f57-9262-b6d28804db3e', 'a34566e6-cda6-4840-bcac-b6cf81c32da4', 'aac79475-b021-4d65-a9d3-f21256bb30aa', 'VIP Membership - 3 Months', 1, 400000.00, 400000.00);
INSERT INTO "OrderItems" ("Id", "OrderId", "ProductId", "ProductName", "Quantity", "UnitPrice", "TotalPrice") VALUES ('1683f468-1a4f-4258-9f4f-ddc2e919037d', '1a502da3-1bde-4103-933f-33608b04c46d', '0a177102-46ca-4689-995d-311eac2d83b7', NULL, 1, 8900000.00, 8900000.00);
INSERT INTO "OrderItems" ("Id", "OrderId", "ProductId", "ProductName", "Quantity", "UnitPrice", "TotalPrice") VALUES ('70ac146d-1026-47d0-97bd-e089715a2f9e', 'a9f7e8ba-64a5-41b1-a6f9-aa25ff1f0a12', 'dc8b628c-cefe-4741-9081-e021a4d5288f', 'Tournament Entry Pass', 2, 250000.00, 500000.00);
INSERT INTO "OrderItems" ("Id", "OrderId", "ProductId", "ProductName", "Quantity", "UnitPrice", "TotalPrice") VALUES ('c9b1eca0-42cd-4507-9210-e1b2c712081d', '8764f77d-cf7f-46b4-817d-60e10ddf002b', '2ee19c66-be2f-49fb-8e01-018f9ec8bd4a', NULL, 1, 1200000.00, 1200000.00);
INSERT INTO "OrderItems" ("Id", "OrderId", "ProductId", "ProductName", "Quantity", "UnitPrice", "TotalPrice") VALUES ('56301bbe-be6c-4b97-a197-f20b8076a18d', '4c626cd3-609f-423b-b0ea-6bd02ee99759', '3d91d1bf-5413-42ee-838c-c94685f80580', 'Level Boost Pack', 1, 100000.00, 100000.00);
INSERT INTO "OrderItems" ("Id", "OrderId", "ProductId", "ProductName", "Quantity", "UnitPrice", "TotalPrice") VALUES ('a55f06e9-c95b-42e8-837b-f6845166b7f1', '0f3a5d3e-a8ac-46ce-9d86-ae842d02c0a4', '2ee19c66-be2f-49fb-8e01-018f9ec8bd4a', NULL, 9, 1200000.00, 10800000.00);
INSERT INTO "OrderItems" ("Id", "OrderId", "ProductId", "ProductName", "Quantity", "UnitPrice", "TotalPrice") VALUES ('7a56c5ff-2dc0-4429-9278-f767ac1783ca', '48d4b053-2156-421c-82be-0146dd85e91a', 'b21b66ad-a998-49cf-a177-1a69704c1851', NULL, 1, 28500000.00, 28500000.00);

-- Photos: 15 rows
INSERT INTO "Photos" ("Id", "UserId", "ImageUrl", "Caption", "GameId", "LikesCount", "CreatedAt") VALUES ('8a8de046-4503-4570-bc1b-0019e3909dba', '0ff9ac64-3deb-450b-b332-aa7ae36fd398', 'https://images.unsplash.com/photo-1542751371-adc38448a05e', 'Dota 2 International moment', 'af29bbea-cc12-4208-988b-56d2962214d8', 178, TIMESTAMP '2025-12-05 17:11:58.220000');
INSERT INTO "Photos" ("Id", "UserId", "ImageUrl", "Caption", "GameId", "LikesCount", "CreatedAt") VALUES ('5bad6043-6a06-4284-928a-05af052e5967', '6cce5b34-5f21-4aee-8335-80a65075324a', 'https://images.unsplash.com/photo-1511512578047-dfb367046420', 'Analysis setup', NULL, 145, TIMESTAMP '2025-12-05 17:11:58.220000');
INSERT INTO "Photos" ("Id", "UserId", "ImageUrl", "Caption", "GameId", "LikesCount", "CreatedAt") VALUES ('3cff2751-c146-467c-9ddf-09f684bc317d', '7fea2a14-819d-43cb-b37c-23f3f6966ea5', 'https://images.unsplash.com/photo-1538481199705-c710c4e965fc', 'Community event', NULL, 156, TIMESTAMP '2025-12-05 17:11:58.220000');
INSERT INTO "Photos" ("Id", "UserId", "ImageUrl", "Caption", "GameId", "LikesCount", "CreatedAt") VALUES ('996146b0-840f-483b-be9b-22d35c98a4f4', '812b68c2-0641-4f8d-b1b4-6476f7037269', 'https://images.unsplash.com/photo-1511512578047-dfb367046420', 'Gaming with friends', NULL, 123, TIMESTAMP '2025-12-05 17:11:58.220000');
INSERT INTO "Photos" ("Id", "UserId", "ImageUrl", "Caption", "GameId", "LikesCount", "CreatedAt") VALUES ('931ade27-a440-47bc-9009-2ba76e2c5e0f', 'e2ffaeef-5187-4511-a7f3-174ce39ffc2a', 'https://images.unsplash.com/photo-1542751371-adc38448a05e', 'Epic Valorant clutch moment!', 'ea468f6a-f9af-4a89-a29a-c69b89ab6721', 45, TIMESTAMP '2025-12-05 17:11:58.220000');
INSERT INTO "Photos" ("Id", "UserId", "ImageUrl", "Caption", "GameId", "LikesCount", "CreatedAt") VALUES ('18e27a56-2912-4f43-884f-2d1069b41a41', '9642ed4d-193a-4472-b63f-55f0357e6336', 'https://images.unsplash.com/photo-1538481199705-c710c4e965fc', 'CS2 ace on Dust2', '4e0df570-9486-4ea8-92fd-7b50f2dcc9ae', 67, TIMESTAMP '2025-12-05 17:11:58.220000');
INSERT INTO "Photos" ("Id", "UserId", "ImageUrl", "Caption", "GameId", "LikesCount", "CreatedAt") VALUES ('d758b813-ae12-4efe-9472-3bdfe77d8c88', 'b6233ea7-a2ff-49ae-8c3a-6b305e720f58', 'https://images.unsplash.com/photo-1552820728-8b83bb6b773f', 'New gaming setup!', NULL, 123, TIMESTAMP '2025-12-05 17:11:58.220000');
INSERT INTO "Photos" ("Id", "UserId", "ImageUrl", "Caption", "GameId", "LikesCount", "CreatedAt") VALUES ('a5ad853a-3f6c-498f-a3c7-3e61fd60578f', '8017107e-ecd0-4862-bc75-e6cf2bd9eab5', 'https://images.unsplash.com/photo-1511512578047-dfb367046420', 'Pentakill in ranked!', '783a1917-691d-4d5c-a2bc-6dd9a6341190', 89, TIMESTAMP '2025-12-05 17:11:58.220000');
INSERT INTO "Photos" ("Id", "UserId", "ImageUrl", "Caption", "GameId", "LikesCount", "CreatedAt") VALUES ('67a2409f-186f-4929-99b4-52d055d14077', 'e2ffaeef-5187-4511-a7f3-174ce39ffc2a', 'https://images.unsplash.com/photo-1560253023-3ec5d502959f', 'Tournament victory!', 'ea468f6a-f9af-4a89-a29a-c69b89ab6721', 156, TIMESTAMP '2025-12-05 17:11:58.220000');
INSERT INTO "Photos" ("Id", "UserId", "ImageUrl", "Caption", "GameId", "LikesCount", "CreatedAt") VALUES ('f15ec5c9-c39e-4b3b-862c-5a4a0fac80c5', '09c31bd3-2336-4135-86f8-a82083a991f4', 'https://images.unsplash.com/photo-1552820728-8b83bb6b773f', 'Art workspace', NULL, 201, TIMESTAMP '2025-12-05 17:11:58.220000');
INSERT INTO "Photos" ("Id", "UserId", "ImageUrl", "Caption", "GameId", "LikesCount", "CreatedAt") VALUES ('385e7e57-1770-400e-ae5b-6c0a7b14a3a9', 'ced5ce6e-7631-4433-a26c-a0ba07dcb986', 'https://images.unsplash.com/photo-1542751371-adc38448a05e', 'First ranked win!', '783a1917-691d-4d5c-a2bc-6dd9a6341190', 98, TIMESTAMP '2025-12-05 17:11:58.220000');
INSERT INTO "Photos" ("Id", "UserId", "ImageUrl", "Caption", "GameId", "LikesCount", "CreatedAt") VALUES ('5949dc64-b423-4c47-898f-70422f0335e0', 'bdd084bb-f5ab-4647-a07d-936aaac85808', 'https://images.unsplash.com/photo-1538481199705-c710c4e965fc', 'Speedrun complete!', NULL, 234, TIMESTAMP '2025-12-05 17:11:58.220000');
INSERT INTO "Photos" ("Id", "UserId", "ImageUrl", "Caption", "GameId", "LikesCount", "CreatedAt") VALUES ('74aa6abc-9791-4eaa-b529-7c18288a028a', '910e8f9b-6f94-4b0e-bf8f-cf1bcbba5552', 'https://images.unsplash.com/photo-1552820728-8b83bb6b773f', 'Stream setup upgrade', NULL, 267, TIMESTAMP '2025-12-05 17:11:58.220000');
INSERT INTO "Photos" ("Id", "UserId", "ImageUrl", "Caption", "GameId", "LikesCount", "CreatedAt") VALUES ('b3a1b619-3b5f-4d5b-ba52-d4293074c489', 'e72130fb-1619-4202-a79f-6604ade34f01', 'https://images.unsplash.com/photo-1560253023-3ec5d502959f', 'Game dev setup', NULL, 178, TIMESTAMP '2025-12-05 17:11:58.220000');
INSERT INTO "Photos" ("Id", "UserId", "ImageUrl", "Caption", "GameId", "LikesCount", "CreatedAt") VALUES ('577485f9-bd89-4b82-9f41-fd131514f5f2', '6aa29523-2037-48c9-a108-e2da2aa23da8', 'https://images.unsplash.com/photo-1560253023-3ec5d502959f', 'Team photo at LAN', NULL, 189, TIMESTAMP '2025-12-05 17:11:58.220000');

-- PostLikes: 80 rows
INSERT INTO "PostLikes" ("Id", "PostId", "UserId", "CreatedAt") VALUES ('74f4547e-783d-456c-b0a0-005d5cc13fbd', 'fa972833-763d-4096-a63e-df3dffcc19fc', 'b6233ea7-a2ff-49ae-8c3a-6b305e720f58', TIMESTAMP '2025-12-05 17:11:58.196666');
INSERT INTO "PostLikes" ("Id", "PostId", "UserId", "CreatedAt") VALUES ('4d0fd4bd-226b-4f41-97fc-0101a96f26ac', '25f4055e-ae7e-41c0-9435-c62e2493dc50', 'e2ffaeef-5187-4511-a7f3-174ce39ffc2a', TIMESTAMP '2025-12-05 17:11:58.196666');
INSERT INTO "PostLikes" ("Id", "PostId", "UserId", "CreatedAt") VALUES ('fb0b0801-9211-41ac-b8a3-02edf04e29c9', '9b299a56-3bc2-4151-b281-c8b3c1bb056d', '9642ed4d-193a-4472-b63f-55f0357e6336', TIMESTAMP '2025-12-05 17:11:58.196666');
INSERT INTO "PostLikes" ("Id", "PostId", "UserId", "CreatedAt") VALUES ('97cf3185-2ab7-46df-bbc8-078ba220a52a', '9b299a56-3bc2-4151-b281-c8b3c1bb056d', '44f5fcd8-f943-42ea-ae13-3a3cd4f3e69c', TIMESTAMP '2025-12-22 18:15:17.937906');
INSERT INTO "PostLikes" ("Id", "PostId", "UserId", "CreatedAt") VALUES ('49fe9a58-c65e-4b0e-9369-0ad8863b1477', 'a9fa8c44-385b-4371-87c6-4fc9a6024c6d', 'b6233ea7-a2ff-49ae-8c3a-6b305e720f58', TIMESTAMP '2025-12-05 17:11:58.196666');
INSERT INTO "PostLikes" ("Id", "PostId", "UserId", "CreatedAt") VALUES ('f5ed1ae7-9692-4f14-8ae9-0af472d46ce5', 'a9fa8c44-385b-4371-87c6-4fc9a6024c6d', '8017107e-ecd0-4862-bc75-e6cf2bd9eab5', TIMESTAMP '2025-12-05 17:11:58.196666');
INSERT INTO "PostLikes" ("Id", "PostId", "UserId", "CreatedAt") VALUES ('65153bcd-cf0a-432a-a12c-0e6dbc98f027', '89aa4089-9ecf-434a-99df-f36c7533ec9a', '910e8f9b-6f94-4b0e-bf8f-cf1bcbba5552', TIMESTAMP '2025-12-05 17:11:58.196666');
INSERT INTO "PostLikes" ("Id", "PostId", "UserId", "CreatedAt") VALUES ('f4db96e0-3935-4491-8232-10188ee4dd98', '506c964c-7336-4fe7-a2dd-c2db5c1bc8cf', '6cce5b34-5f21-4aee-8335-80a65075324a', TIMESTAMP '2025-12-05 17:11:58.196666');
INSERT INTO "PostLikes" ("Id", "PostId", "UserId", "CreatedAt") VALUES ('869f7928-2c11-4ef4-b185-10e49606965b', '7e06b9f7-da5d-461c-9378-07b1e98cfff1', '9642ed4d-193a-4472-b63f-55f0357e6336', TIMESTAMP '2025-12-05 17:11:58.196666');
INSERT INTO "PostLikes" ("Id", "PostId", "UserId", "CreatedAt") VALUES ('2afef8a7-c222-40d3-8258-16e48fd3c3a8', 'fa972833-763d-4096-a63e-df3dffcc19fc', 'e2ffaeef-5187-4511-a7f3-174ce39ffc2a', TIMESTAMP '2025-12-05 17:11:58.196666');
INSERT INTO "PostLikes" ("Id", "PostId", "UserId", "CreatedAt") VALUES ('bee6bfa1-315b-4ee5-b537-1add4b327d3a', '9b299a56-3bc2-4151-b281-c8b3c1bb056d', 'b6233ea7-a2ff-49ae-8c3a-6b305e720f58', TIMESTAMP '2025-12-05 17:11:58.196666');
INSERT INTO "PostLikes" ("Id", "PostId", "UserId", "CreatedAt") VALUES ('2993d7d3-a6a0-4586-8eca-1d6ccefe93e6', '9e918182-fdd5-42db-b3a7-a0b340823274', 'b6233ea7-a2ff-49ae-8c3a-6b305e720f58', TIMESTAMP '2025-12-05 17:11:58.196666');
INSERT INTO "PostLikes" ("Id", "PostId", "UserId", "CreatedAt") VALUES ('e93f6b58-115a-40ca-ad4b-223525083b13', '712b8c22-9760-4051-96f7-d4c031aaffa9', 'ad30c7f2-8d3a-4e0f-a951-72a15afb1902', TIMESTAMP '2025-12-22 19:25:51.515747');
INSERT INTO "PostLikes" ("Id", "PostId", "UserId", "CreatedAt") VALUES ('c0ff4a07-ea28-4513-b52e-252734e3b75e', 'a9fa8c44-385b-4371-87c6-4fc9a6024c6d', '9642ed4d-193a-4472-b63f-55f0357e6336', TIMESTAMP '2025-12-05 17:11:58.196666');
INSERT INTO "PostLikes" ("Id", "PostId", "UserId", "CreatedAt") VALUES ('66eb970c-33ce-4868-b49f-2550a18a05b1', 'a12c3759-ffbc-4fe6-af26-3de22478e43f', '8017107e-ecd0-4862-bc75-e6cf2bd9eab5', TIMESTAMP '2025-12-05 17:11:58.196666');
INSERT INTO "PostLikes" ("Id", "PostId", "UserId", "CreatedAt") VALUES ('d3e0c72e-3e33-4be4-a5e7-268c2ff02d16', '675e84ea-beb9-459d-89a2-d2573099a164', 'e2ffaeef-5187-4511-a7f3-174ce39ffc2a', TIMESTAMP '2025-12-05 17:11:58.196666');
INSERT INTO "PostLikes" ("Id", "PostId", "UserId", "CreatedAt") VALUES ('1c6e445e-bd3f-4f19-8f32-306fd9bb17de', '89aa4089-9ecf-434a-99df-f36c7533ec9a', 'e2ffaeef-5187-4511-a7f3-174ce39ffc2a', TIMESTAMP '2025-12-05 17:11:58.196666');
INSERT INTO "PostLikes" ("Id", "PostId", "UserId", "CreatedAt") VALUES ('bf837d76-a351-4552-af08-3156332729bb', '4f730dc7-abe6-4885-b59b-b67c90747f50', 'e2ffaeef-5187-4511-a7f3-174ce39ffc2a', TIMESTAMP '2025-12-05 17:11:58.196666');
INSERT INTO "PostLikes" ("Id", "PostId", "UserId", "CreatedAt") VALUES ('9bfc2c81-b375-486f-b594-3245fedee616', '9e918182-fdd5-42db-b3a7-a0b340823274', 'e2ffaeef-5187-4511-a7f3-174ce39ffc2a', TIMESTAMP '2025-12-05 17:11:58.196666');
INSERT INTO "PostLikes" ("Id", "PostId", "UserId", "CreatedAt") VALUES ('4dfbde8c-e218-47b4-8d9a-370ad16d5211', '675e84ea-beb9-459d-89a2-d2573099a164', '9642ed4d-193a-4472-b63f-55f0357e6336', TIMESTAMP '2025-12-05 17:11:58.196666');
INSERT INTO "PostLikes" ("Id", "PostId", "UserId", "CreatedAt") VALUES ('2dcd2073-10aa-48dc-ab4d-37fbb35263e2', 'fa972833-763d-4096-a63e-df3dffcc19fc', '8017107e-ecd0-4862-bc75-e6cf2bd9eab5', TIMESTAMP '2025-12-05 17:11:58.196666');
INSERT INTO "PostLikes" ("Id", "PostId", "UserId", "CreatedAt") VALUES ('33c887f5-3c35-4673-806c-3b3d5caf2a41', '9e918182-fdd5-42db-b3a7-a0b340823274', '9642ed4d-193a-4472-b63f-55f0357e6336', TIMESTAMP '2025-12-05 17:11:58.196666');
INSERT INTO "PostLikes" ("Id", "PostId", "UserId", "CreatedAt") VALUES ('e5418842-51ac-4e3f-a755-4151c115e80e', '4f730dc7-abe6-4885-b59b-b67c90747f50', '812b68c2-0641-4f8d-b1b4-6476f7037269', TIMESTAMP '2025-12-05 17:11:58.196666');
INSERT INTO "PostLikes" ("Id", "PostId", "UserId", "CreatedAt") VALUES ('3d2e42f7-3c70-4f6c-856a-41ce2a4d077e', '506c964c-7336-4fe7-a2dd-c2db5c1bc8cf', 'e2ffaeef-5187-4511-a7f3-174ce39ffc2a', TIMESTAMP '2025-12-05 17:11:58.196666');
INSERT INTO "PostLikes" ("Id", "PostId", "UserId", "CreatedAt") VALUES ('872bb138-38ec-4809-aad0-443ec63836ad', '6c0327e5-0f17-49c5-94e4-3510e4ad5fa9', '0ff9ac64-3deb-450b-b332-aa7ae36fd398', TIMESTAMP '2025-12-05 17:11:58.196666');
INSERT INTO "PostLikes" ("Id", "PostId", "UserId", "CreatedAt") VALUES ('4409114d-8ff9-4e4d-8b99-446d8fcf507d', '506c964c-7336-4fe7-a2dd-c2db5c1bc8cf', 'b6233ea7-a2ff-49ae-8c3a-6b305e720f58', TIMESTAMP '2025-12-05 17:11:58.196666');
INSERT INTO "PostLikes" ("Id", "PostId", "UserId", "CreatedAt") VALUES ('1e049a59-d169-4820-b409-45e7494d9c50', 'ec64cbd3-6595-4dae-9f11-443065b77597', '812b68c2-0641-4f8d-b1b4-6476f7037269', TIMESTAMP '2025-12-05 17:11:58.196666');
INSERT INTO "PostLikes" ("Id", "PostId", "UserId", "CreatedAt") VALUES ('760e921a-d327-4295-a977-45fd8c836c4e', 'eb7d0477-e884-44c5-ab70-573b96eaafc8', '812b68c2-0641-4f8d-b1b4-6476f7037269', TIMESTAMP '2025-12-05 17:11:58.196666');
INSERT INTO "PostLikes" ("Id", "PostId", "UserId", "CreatedAt") VALUES ('d32ee3e4-3cf4-45ea-a26b-47b87db9ce84', '9b299a56-3bc2-4151-b281-c8b3c1bb056d', '8017107e-ecd0-4862-bc75-e6cf2bd9eab5', TIMESTAMP '2025-12-05 17:11:58.196666');
INSERT INTO "PostLikes" ("Id", "PostId", "UserId", "CreatedAt") VALUES ('6620b9c4-ee2f-40f7-9099-4a82c25e3263', '4f730dc7-abe6-4885-b59b-b67c90747f50', '6cce5b34-5f21-4aee-8335-80a65075324a', TIMESTAMP '2025-12-05 17:11:58.196666');
INSERT INTO "PostLikes" ("Id", "PostId", "UserId", "CreatedAt") VALUES ('b5aa8605-979f-45ae-8f40-4f708ed2d9a5', '675e84ea-beb9-459d-89a2-d2573099a164', '6cce5b34-5f21-4aee-8335-80a65075324a', TIMESTAMP '2025-12-05 17:11:58.196666');
INSERT INTO "PostLikes" ("Id", "PostId", "UserId", "CreatedAt") VALUES ('71c0ac2a-5578-4a3f-883b-517f28846da5', '7e06b9f7-da5d-461c-9378-07b1e98cfff1', 'b6233ea7-a2ff-49ae-8c3a-6b305e720f58', TIMESTAMP '2025-12-05 17:11:58.196666');
INSERT INTO "PostLikes" ("Id", "PostId", "UserId", "CreatedAt") VALUES ('c22e6f4c-96ef-4e0f-9c38-5873eeab3585', '9e918182-fdd5-42db-b3a7-a0b340823274', 'bdd084bb-f5ab-4647-a07d-936aaac85808', TIMESTAMP '2025-12-05 17:11:58.196666');
INSERT INTO "PostLikes" ("Id", "PostId", "UserId", "CreatedAt") VALUES ('797e0b96-c137-44b8-b9e1-5b9794456554', '9e918182-fdd5-42db-b3a7-a0b340823274', '44f5fcd8-f943-42ea-ae13-3a3cd4f3e69c', TIMESTAMP '2025-12-22 18:15:20.135623');
INSERT INTO "PostLikes" ("Id", "PostId", "UserId", "CreatedAt") VALUES ('d805252a-4fd1-4691-98a1-61f706e0ee5d', '89aa4089-9ecf-434a-99df-f36c7533ec9a', '44f5fcd8-f943-42ea-ae13-3a3cd4f3e69c', TIMESTAMP '2025-12-22 18:15:16.539554');
INSERT INTO "PostLikes" ("Id", "PostId", "UserId", "CreatedAt") VALUES ('0e235fc4-ef1c-461c-a4cd-693c1e04539e', 'eb7d0477-e884-44c5-ab70-573b96eaafc8', 'e2ffaeef-5187-4511-a7f3-174ce39ffc2a', TIMESTAMP '2025-12-05 17:11:58.196666');
INSERT INTO "PostLikes" ("Id", "PostId", "UserId", "CreatedAt") VALUES ('e1fed5b3-740d-460b-bd72-69cc1b6a4762', 'eb7d0477-e884-44c5-ab70-573b96eaafc8', 'ced5ce6e-7631-4433-a26c-a0ba07dcb986', TIMESTAMP '2025-12-05 17:11:58.196666');
INSERT INTO "PostLikes" ("Id", "PostId", "UserId", "CreatedAt") VALUES ('c0008084-2234-4b3e-bc57-717dfd2b4aed', '17f1691a-4e82-4245-83bd-bf1bdbe0dd4d', 'e2ffaeef-5187-4511-a7f3-174ce39ffc2a', TIMESTAMP '2025-12-05 17:11:58.196666');
INSERT INTO "PostLikes" ("Id", "PostId", "UserId", "CreatedAt") VALUES ('f7a82424-cbf1-47c5-b7e3-7194092f0346', '7e06b9f7-da5d-461c-9378-07b1e98cfff1', '0ff9ac64-3deb-450b-b332-aa7ae36fd398', TIMESTAMP '2025-12-05 17:11:58.196666');
INSERT INTO "PostLikes" ("Id", "PostId", "UserId", "CreatedAt") VALUES ('bc5e6550-905d-463f-9517-74af41a8e50a', 'ec64cbd3-6595-4dae-9f11-443065b77597', '09c31bd3-2336-4135-86f8-a82083a991f4', TIMESTAMP '2025-12-05 17:11:58.196666');
INSERT INTO "PostLikes" ("Id", "PostId", "UserId", "CreatedAt") VALUES ('ac5c11fb-bc66-47e9-b6d2-7efe62fa0661', '675e84ea-beb9-459d-89a2-d2573099a164', '8017107e-ecd0-4862-bc75-e6cf2bd9eab5', TIMESTAMP '2025-12-05 17:11:58.196666');
INSERT INTO "PostLikes" ("Id", "PostId", "UserId", "CreatedAt") VALUES ('50e3986c-7ae0-407b-989f-8420f40bc7cd', 'fa972833-763d-4096-a63e-df3dffcc19fc', 'bdd084bb-f5ab-4647-a07d-936aaac85808', TIMESTAMP '2025-12-05 17:11:58.196666');
INSERT INTO "PostLikes" ("Id", "PostId", "UserId", "CreatedAt") VALUES ('e8fa3927-3cea-4c73-a24e-884454ae0e2d', '17f1691a-4e82-4245-83bd-bf1bdbe0dd4d', 'b6233ea7-a2ff-49ae-8c3a-6b305e720f58', TIMESTAMP '2025-12-05 17:11:58.196666');
INSERT INTO "PostLikes" ("Id", "PostId", "UserId", "CreatedAt") VALUES ('e90fb4e6-fb71-4c28-b591-88a3cf594f52', 'a12c3759-ffbc-4fe6-af26-3de22478e43f', 'bdd084bb-f5ab-4647-a07d-936aaac85808', TIMESTAMP '2025-12-05 17:11:58.196666');
INSERT INTO "PostLikes" ("Id", "PostId", "UserId", "CreatedAt") VALUES ('fac6ae93-9247-44b0-97db-9060efef8dcb', 'a12c3759-ffbc-4fe6-af26-3de22478e43f', 'b6233ea7-a2ff-49ae-8c3a-6b305e720f58', TIMESTAMP '2025-12-05 17:11:58.196666');
INSERT INTO "PostLikes" ("Id", "PostId", "UserId", "CreatedAt") VALUES ('9e528507-0036-421d-bc42-92de87fbc3f4', 'fa972833-763d-4096-a63e-df3dffcc19fc', '0ff9ac64-3deb-450b-b332-aa7ae36fd398', TIMESTAMP '2025-12-05 17:11:58.196666');
INSERT INTO "PostLikes" ("Id", "PostId", "UserId", "CreatedAt") VALUES ('9bf24ef8-32f3-42c9-826d-a299d1b79ac1', '712b8c22-9760-4051-96f7-d4c031aaffa9', '44f5fcd8-f943-42ea-ae13-3a3cd4f3e69c', TIMESTAMP '2025-12-23 07:50:23.082820');
INSERT INTO "PostLikes" ("Id", "PostId", "UserId", "CreatedAt") VALUES ('0b788a6b-d14c-4114-b9c5-a4b9755b301b', '6c0327e5-0f17-49c5-94e4-3510e4ad5fa9', '8017107e-ecd0-4862-bc75-e6cf2bd9eab5', TIMESTAMP '2025-12-05 17:11:58.196666');
INSERT INTO "PostLikes" ("Id", "PostId", "UserId", "CreatedAt") VALUES ('d09f36b5-3b88-4436-9c55-a5632acafbb2', 'fa972833-763d-4096-a63e-df3dffcc19fc', '9642ed4d-193a-4472-b63f-55f0357e6336', TIMESTAMP '2025-12-05 17:11:58.196666');
INSERT INTO "PostLikes" ("Id", "PostId", "UserId", "CreatedAt") VALUES ('b284dc32-8531-4b36-8179-ab962c5b1f3e', 'ec64cbd3-6595-4dae-9f11-443065b77597', 'e72130fb-1619-4202-a79f-6604ade34f01', TIMESTAMP '2025-12-05 17:11:58.196666');
INSERT INTO "PostLikes" ("Id", "PostId", "UserId", "CreatedAt") VALUES ('74ad5c1f-0d1d-4883-a129-abeaada7f927', '2a4ef2f4-1f5c-44d8-b5dd-8d4336fb8d56', 'ad30c7f2-8d3a-4e0f-a951-72a15afb1902', TIMESTAMP '2025-12-22 19:25:54.070476');
INSERT INTO "PostLikes" ("Id", "PostId", "UserId", "CreatedAt") VALUES ('33ad9d4c-44f5-43f7-a17f-adab9d66f92a', '25f4055e-ae7e-41c0-9435-c62e2493dc50', '6aa29523-2037-48c9-a108-e2da2aa23da8', TIMESTAMP '2025-12-05 17:11:58.196666');
INSERT INTO "PostLikes" ("Id", "PostId", "UserId", "CreatedAt") VALUES ('db3e2585-e8ca-4b99-89c4-adb31dbc4789', '9e918182-fdd5-42db-b3a7-a0b340823274', '8017107e-ecd0-4862-bc75-e6cf2bd9eab5', TIMESTAMP '2025-12-05 17:11:58.196666');
INSERT INTO "PostLikes" ("Id", "PostId", "UserId", "CreatedAt") VALUES ('3df37a46-e91c-4cd9-bcfd-adbb92787192', '675e84ea-beb9-459d-89a2-d2573099a164', '910e8f9b-6f94-4b0e-bf8f-cf1bcbba5552', TIMESTAMP '2025-12-05 17:11:58.196666');
INSERT INTO "PostLikes" ("Id", "PostId", "UserId", "CreatedAt") VALUES ('306819cb-20e8-41f9-b69d-ae0585838f18', '4caaa2a9-7212-43f0-b799-021034a655ef', '1f90039c-f0e2-48a6-816d-972666daee22', TIMESTAMP '2025-12-23 08:31:08.099823');
INSERT INTO "PostLikes" ("Id", "PostId", "UserId", "CreatedAt") VALUES ('e072016a-16ca-49ae-bb90-aeb5ca49f810', '9e918182-fdd5-42db-b3a7-a0b340823274', '6aa29523-2037-48c9-a108-e2da2aa23da8', TIMESTAMP '2025-12-05 17:11:58.196666');
INSERT INTO "PostLikes" ("Id", "PostId", "UserId", "CreatedAt") VALUES ('8a80061c-3978-42df-8b43-b5479119e03c', '17f1691a-4e82-4245-83bd-bf1bdbe0dd4d', '6cce5b34-5f21-4aee-8335-80a65075324a', TIMESTAMP '2025-12-05 17:11:58.196666');
INSERT INTO "PostLikes" ("Id", "PostId", "UserId", "CreatedAt") VALUES ('2437d84a-0ffe-4088-9b75-b5f41ef7c001', '712b8c22-9760-4051-96f7-d4c031aaffa9', '1f90039c-f0e2-48a6-816d-972666daee22', TIMESTAMP '2025-12-22 19:26:06.831242');
INSERT INTO "PostLikes" ("Id", "PostId", "UserId", "CreatedAt") VALUES ('63bf20ff-78db-40ec-9f89-bb77bf33703c', '506c964c-7336-4fe7-a2dd-c2db5c1bc8cf', '7fea2a14-819d-43cb-b37c-23f3f6966ea5', TIMESTAMP '2025-12-05 17:11:58.196666');
INSERT INTO "PostLikes" ("Id", "PostId", "UserId", "CreatedAt") VALUES ('810c8a2a-a3bf-4d12-907d-bcd37175d256', '4f730dc7-abe6-4885-b59b-b67c90747f50', 'e72130fb-1619-4202-a79f-6604ade34f01', TIMESTAMP '2025-12-05 17:11:58.196666');
INSERT INTO "PostLikes" ("Id", "PostId", "UserId", "CreatedAt") VALUES ('0bb02371-a4d5-479d-9b97-bfa130e76685', '506c964c-7336-4fe7-a2dd-c2db5c1bc8cf', '9642ed4d-193a-4472-b63f-55f0357e6336', TIMESTAMP '2025-12-05 17:11:58.196666');
INSERT INTO "PostLikes" ("Id", "PostId", "UserId", "CreatedAt") VALUES ('2166f720-fe93-45f5-a13b-d1aebc13a4b3', '6c0327e5-0f17-49c5-94e4-3510e4ad5fa9', '910e8f9b-6f94-4b0e-bf8f-cf1bcbba5552', TIMESTAMP '2025-12-05 17:11:58.196666');
INSERT INTO "PostLikes" ("Id", "PostId", "UserId", "CreatedAt") VALUES ('9e7f1fad-419f-4cbb-ac2a-d8560fc4a7cb', '25f4055e-ae7e-41c0-9435-c62e2493dc50', '9642ed4d-193a-4472-b63f-55f0357e6336', TIMESTAMP '2025-12-05 17:11:58.196666');
INSERT INTO "PostLikes" ("Id", "PostId", "UserId", "CreatedAt") VALUES ('bbdca792-90ba-4adb-aff4-d97516ec59d2', '25f4055e-ae7e-41c0-9435-c62e2493dc50', '0ff9ac64-3deb-450b-b332-aa7ae36fd398', TIMESTAMP '2025-12-05 17:11:58.196666');
INSERT INTO "PostLikes" ("Id", "PostId", "UserId", "CreatedAt") VALUES ('7c235256-bc7c-45fa-85c6-da90fd9e7e29', '6c0327e5-0f17-49c5-94e4-3510e4ad5fa9', '9642ed4d-193a-4472-b63f-55f0357e6336', TIMESTAMP '2025-12-05 17:11:58.196666');
INSERT INTO "PostLikes" ("Id", "PostId", "UserId", "CreatedAt") VALUES ('0e20f806-3dfb-4371-b5aa-db4abe81c045', 'ec64cbd3-6595-4dae-9f11-443065b77597', 'ced5ce6e-7631-4433-a26c-a0ba07dcb986', TIMESTAMP '2025-12-05 17:11:58.196666');
INSERT INTO "PostLikes" ("Id", "PostId", "UserId", "CreatedAt") VALUES ('8bc778e4-a5e0-40f0-92ed-dd722218473e', 'a9fa8c44-385b-4371-87c6-4fc9a6024c6d', 'e2ffaeef-5187-4511-a7f3-174ce39ffc2a', TIMESTAMP '2025-12-05 17:11:58.196666');
INSERT INTO "PostLikes" ("Id", "PostId", "UserId", "CreatedAt") VALUES ('c28b7d98-9fb1-427b-a1b6-df03827ed0aa', 'a12c3759-ffbc-4fe6-af26-3de22478e43f', 'e2ffaeef-5187-4511-a7f3-174ce39ffc2a', TIMESTAMP '2025-12-05 17:11:58.196666');
INSERT INTO "PostLikes" ("Id", "PostId", "UserId", "CreatedAt") VALUES ('821a86bd-7b1b-472a-9e4e-e9c716d1157b', '7e06b9f7-da5d-461c-9378-07b1e98cfff1', 'bdd084bb-f5ab-4647-a07d-936aaac85808', TIMESTAMP '2025-12-05 17:11:58.196666');
INSERT INTO "PostLikes" ("Id", "PostId", "UserId", "CreatedAt") VALUES ('65edfe26-15d7-4085-85f9-eabc2995f3b9', '25f4055e-ae7e-41c0-9435-c62e2493dc50', 'b6233ea7-a2ff-49ae-8c3a-6b305e720f58', TIMESTAMP '2025-12-05 17:11:58.196666');
INSERT INTO "PostLikes" ("Id", "PostId", "UserId", "CreatedAt") VALUES ('0455c0c3-8b7c-447b-88d6-eb89503f77ee', '89aa4089-9ecf-434a-99df-f36c7533ec9a', '6aa29523-2037-48c9-a108-e2da2aa23da8', TIMESTAMP '2025-12-05 17:11:58.196666');
INSERT INTO "PostLikes" ("Id", "PostId", "UserId", "CreatedAt") VALUES ('45ad5f1f-cfaa-4146-a66e-eef32494eddf', '7e06b9f7-da5d-461c-9378-07b1e98cfff1', '8017107e-ecd0-4862-bc75-e6cf2bd9eab5', TIMESTAMP '2025-12-05 17:11:58.196666');
INSERT INTO "PostLikes" ("Id", "PostId", "UserId", "CreatedAt") VALUES ('a079b311-6fe0-4fbe-a74e-ef167c68f304', '89aa4089-9ecf-434a-99df-f36c7533ec9a', '8017107e-ecd0-4862-bc75-e6cf2bd9eab5', TIMESTAMP '2025-12-05 17:11:58.196666');
INSERT INTO "PostLikes" ("Id", "PostId", "UserId", "CreatedAt") VALUES ('dc56f888-caae-41dd-8f68-f151143d50f8', 'eb7d0477-e884-44c5-ab70-573b96eaafc8', '09c31bd3-2336-4135-86f8-a82083a991f4', TIMESTAMP '2025-12-05 17:11:58.196666');
INSERT INTO "PostLikes" ("Id", "PostId", "UserId", "CreatedAt") VALUES ('33044cc8-047f-4a59-904d-f2a3b62115c4', '17f1691a-4e82-4245-83bd-bf1bdbe0dd4d', '9642ed4d-193a-4472-b63f-55f0357e6336', TIMESTAMP '2025-12-05 17:11:58.196666');
INSERT INTO "PostLikes" ("Id", "PostId", "UserId", "CreatedAt") VALUES ('989ff40e-e089-42d7-8806-f4a74cc9078a', '6c0327e5-0f17-49c5-94e4-3510e4ad5fa9', 'e2ffaeef-5187-4511-a7f3-174ce39ffc2a', TIMESTAMP '2025-12-05 17:11:58.196666');
INSERT INTO "PostLikes" ("Id", "PostId", "UserId", "CreatedAt") VALUES ('900f41ec-ccba-457c-886b-f8b5f695ec38', '4f730dc7-abe6-4885-b59b-b67c90747f50', 'ced5ce6e-7631-4433-a26c-a0ba07dcb986', TIMESTAMP '2025-12-05 17:11:58.196666');
INSERT INTO "PostLikes" ("Id", "PostId", "UserId", "CreatedAt") VALUES ('15250c1d-96d1-46f3-b157-fb13b5751644', '9b299a56-3bc2-4151-b281-c8b3c1bb056d', '0ff9ac64-3deb-450b-b332-aa7ae36fd398', TIMESTAMP '2025-12-05 17:11:58.196666');
INSERT INTO "PostLikes" ("Id", "PostId", "UserId", "CreatedAt") VALUES ('53f87753-b759-462f-8137-fdd0db4cdab1', '17f1691a-4e82-4245-83bd-bf1bdbe0dd4d', '0ff9ac64-3deb-450b-b332-aa7ae36fd398', TIMESTAMP '2025-12-05 17:11:58.196666');
INSERT INTO "PostLikes" ("Id", "PostId", "UserId", "CreatedAt") VALUES ('691405c9-cac4-4607-9ffb-ffdb19ac6a0b', '2a4ef2f4-1f5c-44d8-b5dd-8d4336fb8d56', 'e2ffaeef-5187-4511-a7f3-174ce39ffc2a', TIMESTAMP '2025-12-09 22:08:17.696114');

-- PostMedia: 11 rows
INSERT INTO "PostMedia" ("Id", "PostId", "MediaUrl", "MediaType", "OrderIndex", "CreatedAt") VALUES ('6e4fdc3a-3e8c-42e7-8295-202ad1c003cc', '17f1691a-4e82-4245-83bd-bf1bdbe0dd4d', 'https://images.unsplash.com/photo-1511512578047-dfb367046420', 'image', 0, TIMESTAMP '2025-12-05 17:11:58.196666');
INSERT INTO "PostMedia" ("Id", "PostId", "MediaUrl", "MediaType", "OrderIndex", "CreatedAt") VALUES ('3d2c5a1b-07d0-4654-bb46-3a994d2ebb2e', 'fa972833-763d-4096-a63e-df3dffcc19fc', 'https://images.unsplash.com/photo-1560253023-3ec5d502959f', 'video', 0, TIMESTAMP '2025-12-05 17:11:58.196666');
INSERT INTO "PostMedia" ("Id", "PostId", "MediaUrl", "MediaType", "OrderIndex", "CreatedAt") VALUES ('4e99d176-24c7-4634-8aee-4a842206088b', '712b8c22-9760-4051-96f7-d4c031aaffa9', 'https://res.cloudinary.com/dkpyqplio/image/upload/v1766406330/ggzone/posts/c0fdytvk1ektqz8dqxmy.jpg', 'image', 0, TIMESTAMP '2025-12-22 19:25:44.386380');
INSERT INTO "PostMedia" ("Id", "PostId", "MediaUrl", "MediaType", "OrderIndex", "CreatedAt") VALUES ('0d207f4f-3969-4ede-988d-656f6204f181', '6c0327e5-0f17-49c5-94e4-3510e4ad5fa9', 'https://images.unsplash.com/photo-1538481199705-c710c4e965fc', 'image', 0, TIMESTAMP '2025-12-05 17:11:58.196666');
INSERT INTO "PostMedia" ("Id", "PostId", "MediaUrl", "MediaType", "OrderIndex", "CreatedAt") VALUES ('31ae2b5d-745e-4a1e-8894-94bb17c41059', '675e84ea-beb9-459d-89a2-d2573099a164', 'https://images.unsplash.com/photo-1511512578047-dfb367046420', 'image', 0, TIMESTAMP '2025-12-05 17:11:58.196666');
INSERT INTO "PostMedia" ("Id", "PostId", "MediaUrl", "MediaType", "OrderIndex", "CreatedAt") VALUES ('74b03a44-39e9-46f1-8da6-a3d0a132ee91', '2a4ef2f4-1f5c-44d8-b5dd-8d4336fb8d56', 'https://res.cloudinary.com/dkpyqplio/image/upload/v1765292858/ggzone/posts/rpzzm1h7s3aqfv7vy89y.jpg', 'image', 0, TIMESTAMP '2025-12-09 22:07:43.851682');
INSERT INTO "PostMedia" ("Id", "PostId", "MediaUrl", "MediaType", "OrderIndex", "CreatedAt") VALUES ('43c41ae3-dd0c-4b95-9c8b-a57c723b161c', '4f730dc7-abe6-4885-b59b-b67c90747f50', 'https://images.unsplash.com/photo-1538481199705-c710c4e965fc', 'image', 1, TIMESTAMP '2025-12-05 17:11:58.196666');
INSERT INTO "PostMedia" ("Id", "PostId", "MediaUrl", "MediaType", "OrderIndex", "CreatedAt") VALUES ('c3f25591-3a40-4634-a301-ac330a291626', '506c964c-7336-4fe7-a2dd-c2db5c1bc8cf', 'https://images.unsplash.com/photo-1552820728-8b83bb6b773f', 'image', 0, TIMESTAMP '2025-12-05 17:11:58.196666');
INSERT INTO "PostMedia" ("Id", "PostId", "MediaUrl", "MediaType", "OrderIndex", "CreatedAt") VALUES ('fcb84e99-aff0-45ee-8948-bcd85ad4ca2b', '25f4055e-ae7e-41c0-9435-c62e2493dc50', 'https://images.unsplash.com/photo-1542751371-adc38448a05e', 'video', 0, TIMESTAMP '2025-12-05 17:11:58.196666');
INSERT INTO "PostMedia" ("Id", "PostId", "MediaUrl", "MediaType", "OrderIndex", "CreatedAt") VALUES ('d54d405d-b8c8-43e3-9301-ea5b25762d26', '4f730dc7-abe6-4885-b59b-b67c90747f50', 'https://images.unsplash.com/photo-1542751371-adc38448a05e', 'image', 0, TIMESTAMP '2025-12-05 17:11:58.196666');
INSERT INTO "PostMedia" ("Id", "PostId", "MediaUrl", "MediaType", "OrderIndex", "CreatedAt") VALUES ('bd15511f-80e2-42bc-affd-fb8dcac2373d', '4caaa2a9-7212-43f0-b799-021034a655ef', 'https://res.cloudinary.com/dkpyqplio/image/upload/v1766453449/ggzone/posts/v5kcuabhtm9a4kter49f.jpg', 'image', 0, TIMESTAMP '2025-12-23 08:30:57.466195');

-- ShoppingCart: 8 rows
INSERT INTO "ShoppingCart" ("Id", "UserId", "ProductId", "Quantity", "AddedAt") VALUES ('3fdf8c6e-dc38-47f6-894d-25320f9998d1', 'bdd084bb-f5ab-4647-a07d-936aaac85808', 'dc8b628c-cefe-4741-9081-e021a4d5288f', 1, TIMESTAMP '2025-12-05 17:11:58.253333');
INSERT INTO "ShoppingCart" ("Id", "UserId", "ProductId", "Quantity", "AddedAt") VALUES ('8a6d44b7-f2fe-4d09-b123-33dbc33e4240', '6aa29523-2037-48c9-a108-e2da2aa23da8', '162a46ca-ad65-4e0b-b742-3c2b2f09265a', 2, TIMESTAMP '2025-12-05 17:11:58.253333');
INSERT INTO "ShoppingCart" ("Id", "UserId", "ProductId", "Quantity", "AddedAt") VALUES ('15108835-7248-41d4-ab3d-39f90cd53c1d', '6cce5b34-5f21-4aee-8335-80a65075324a', 'dc8b628c-cefe-4741-9081-e021a4d5288f', 1, TIMESTAMP '2025-12-05 17:11:58.253333');
INSERT INTO "ShoppingCart" ("Id", "UserId", "ProductId", "Quantity", "AddedAt") VALUES ('b4fbcfa8-6058-4b1d-86ee-47691305b707', '9642ed4d-193a-4472-b63f-55f0357e6336', 'bce67782-4e08-4276-8faf-f7bb6d655dd8', 1, TIMESTAMP '2025-12-05 17:11:58.253333');
INSERT INTO "ShoppingCart" ("Id", "UserId", "ProductId", "Quantity", "AddedAt") VALUES ('79cc3007-5de0-4e2c-bd15-6c4ae3d316b4', 'b6233ea7-a2ff-49ae-8c3a-6b305e720f58', '83120343-5769-4f8a-ae6c-a4b5c26a72c3', 1, TIMESTAMP '2025-12-05 17:11:58.253333');
INSERT INTO "ShoppingCart" ("Id", "UserId", "ProductId", "Quantity", "AddedAt") VALUES ('02736bc3-a87e-4277-9213-c37aaac83cb2', '8017107e-ecd0-4862-bc75-e6cf2bd9eab5', '3d91d1bf-5413-42ee-838c-c94685f80580', 2, TIMESTAMP '2025-12-05 17:11:58.253333');
INSERT INTO "ShoppingCart" ("Id", "UserId", "ProductId", "Quantity", "AddedAt") VALUES ('55a3c348-9095-4c05-882f-e9a5c11a31a1', '0ff9ac64-3deb-450b-b332-aa7ae36fd398', 'aac79475-b021-4d65-a9d3-f21256bb30aa', 1, TIMESTAMP '2025-12-05 17:11:58.253333');
INSERT INTO "ShoppingCart" ("Id", "UserId", "ProductId", "Quantity", "AddedAt") VALUES ('e9b0ad65-0e65-43fb-b8f4-f7a57d043aab', '910e8f9b-6f94-4b0e-bf8f-cf1bcbba5552', 'c5621bd3-e5ab-4198-9e61-e43b0dea7ca3', 1, TIMESTAMP '2025-12-05 17:11:58.253333');

-- UserActivityLog: 50 rows
INSERT INTO "UserActivityLog" ("Id", "UserId", "ActivityType", "RelatedId", "RelatedType", "Metadata", "CreatedAt") VALUES ('64a41038-eb88-4cf3-8054-059b3616ffaf', '8017107e-ecd0-4862-bc75-e6cf2bd9eab5', 'post_created', '25f4055e-ae7e-41c0-9435-c62e2493dc50', 'post', NULL, TIMESTAMP '2025-12-05 17:11:58.193333');
INSERT INTO "UserActivityLog" ("Id", "UserId", "ActivityType", "RelatedId", "RelatedType", "Metadata", "CreatedAt") VALUES ('1a71ce6f-17df-4533-95a6-078cf35b2b4e', '6cce5b34-5f21-4aee-8335-80a65075324a', 'video_uploaded', 'a6be5200-541c-4b30-a8f5-55bcca41fc6c', 'video', NULL, TIMESTAMP '2025-12-05 17:11:58.236666');
INSERT INTO "UserActivityLog" ("Id", "UserId", "ActivityType", "RelatedId", "RelatedType", "Metadata", "CreatedAt") VALUES ('7649ceb7-5f94-4b36-8806-0ae795839bde', '9642ed4d-193a-4472-b63f-55f0357e6336', 'video_uploaded', '0202380a-84d8-4c10-952c-cf736b298192', 'video', NULL, TIMESTAMP '2025-12-05 17:11:58.236666');
INSERT INTO "UserActivityLog" ("Id", "UserId", "ActivityType", "RelatedId", "RelatedType", "Metadata", "CreatedAt") VALUES ('6cf1b77a-0738-46bb-b45f-0daa6b3e36a9', 'b6233ea7-a2ff-49ae-8c3a-6b305e720f58', 'post_created', '675e84ea-beb9-459d-89a2-d2573099a164', 'post', NULL, TIMESTAMP '2025-12-05 17:11:58.193333');
INSERT INTO "UserActivityLog" ("Id", "UserId", "ActivityType", "RelatedId", "RelatedType", "Metadata", "CreatedAt") VALUES ('e3399535-90f5-4217-ad44-120e5dbbad7a', '9642ed4d-193a-4472-b63f-55f0357e6336', 'post_created', '89aa4089-9ecf-434a-99df-f36c7533ec9a', 'post', '{"content_length": 67}', TIMESTAMP '2025-12-05 17:11:58.346666');
INSERT INTO "UserActivityLog" ("Id", "UserId", "ActivityType", "RelatedId", "RelatedType", "Metadata", "CreatedAt") VALUES ('28e6dbdc-fa97-4036-9667-137f78387db3', '6aa29523-2037-48c9-a108-e2da2aa23da8', 'post_created', 'a12c3759-ffbc-4fe6-af26-3de22478e43f', 'post', NULL, TIMESTAMP '2025-12-05 17:11:58.193333');
INSERT INTO "UserActivityLog" ("Id", "UserId", "ActivityType", "RelatedId", "RelatedType", "Metadata", "CreatedAt") VALUES ('ead87f49-df0c-4ba7-b9ba-1914d144f18d', '910e8f9b-6f94-4b0e-bf8f-cf1bcbba5552', 'video_uploaded', '6782d169-b0e3-4e16-b026-f7c0af804833', 'video', NULL, TIMESTAMP '2025-12-05 17:11:58.236666');
INSERT INTO "UserActivityLog" ("Id", "UserId", "ActivityType", "RelatedId", "RelatedType", "Metadata", "CreatedAt") VALUES ('b6ccc426-d983-4ed0-9f6f-1a7428d5b959', '6cce5b34-5f21-4aee-8335-80a65075324a', 'video_uploaded', 'a6be5200-541c-4b30-a8f5-55bcca41fc6c', 'video', '{"duration": 1080}', TIMESTAMP '2025-12-05 17:11:58.346666');
INSERT INTO "UserActivityLog" ("Id", "UserId", "ActivityType", "RelatedId", "RelatedType", "Metadata", "CreatedAt") VALUES ('55a5f5ea-6a5d-4ab3-9a3b-212ec23d794a', '9642ed4d-193a-4472-b63f-55f0357e6336', 'login', NULL, NULL, '{"ip": "192.168.1.2", "device": "Windows PC"}', TIMESTAMP '2025-12-05 17:11:58.346666');
INSERT INTO "UserActivityLog" ("Id", "UserId", "ActivityType", "RelatedId", "RelatedType", "Metadata", "CreatedAt") VALUES ('11b92d6e-a773-4606-b1cb-219b463dc357', 'e2ffaeef-5187-4511-a7f3-174ce39ffc2a', 'post_created', '9b299a56-3bc2-4151-b281-c8b3c1bb056d', 'post', NULL, TIMESTAMP '2025-12-05 17:11:58.193333');
INSERT INTO "UserActivityLog" ("Id", "UserId", "ActivityType", "RelatedId", "RelatedType", "Metadata", "CreatedAt") VALUES ('a71d62ed-e8e7-412c-b177-220600a6ff3a', '0ff9ac64-3deb-450b-b332-aa7ae36fd398', 'video_uploaded', 'd3da45d2-c734-45b8-ad08-608681379f67', 'video', NULL, TIMESTAMP '2025-12-05 17:11:58.236666');
INSERT INTO "UserActivityLog" ("Id", "UserId", "ActivityType", "RelatedId", "RelatedType", "Metadata", "CreatedAt") VALUES ('106f7623-ad7d-4a18-9aaf-27dcdeaa7c06', '7fea2a14-819d-43cb-b37c-23f3f6966ea5', 'post_created', 'a9fa8c44-385b-4371-87c6-4fc9a6024c6d', 'post', '{"content_length": 89}', TIMESTAMP '2025-12-05 17:11:58.346666');
INSERT INTO "UserActivityLog" ("Id", "UserId", "ActivityType", "RelatedId", "RelatedType", "Metadata", "CreatedAt") VALUES ('9b9236d7-db29-4b62-a271-2bf47b356946', '910e8f9b-6f94-4b0e-bf8f-cf1bcbba5552', 'stream_started', NULL, NULL, '{"platform": "twitch", "viewers": 1250}', TIMESTAMP '2025-12-05 17:11:58.346666');
INSERT INTO "UserActivityLog" ("Id", "UserId", "ActivityType", "RelatedId", "RelatedType", "Metadata", "CreatedAt") VALUES ('5e5876a1-ea34-45a9-8dfa-2cb4da7269ba', '09c31bd3-2336-4135-86f8-a82083a991f4', 'post_created', '4f730dc7-abe6-4885-b59b-b67c90747f50', 'post', NULL, TIMESTAMP '2025-12-05 17:11:58.193333');
INSERT INTO "UserActivityLog" ("Id", "UserId", "ActivityType", "RelatedId", "RelatedType", "Metadata", "CreatedAt") VALUES ('b39a7a87-cc82-4d4a-ac8c-30055978e92a', 'e2ffaeef-5187-4511-a7f3-174ce39ffc2a', 'login', NULL, NULL, '{"ip": "192.168.1.1", "device": "Windows PC"}', TIMESTAMP '2025-12-05 17:11:58.346666');
INSERT INTO "UserActivityLog" ("Id", "UserId", "ActivityType", "RelatedId", "RelatedType", "Metadata", "CreatedAt") VALUES ('671c6cad-6f69-49bf-94c7-307730ffca3c', 'ced5ce6e-7631-4433-a26c-a0ba07dcb986', 'post_created', '17f1691a-4e82-4245-83bd-bf1bdbe0dd4d', 'post', NULL, TIMESTAMP '2025-12-05 17:11:58.193333');
INSERT INTO "UserActivityLog" ("Id", "UserId", "ActivityType", "RelatedId", "RelatedType", "Metadata", "CreatedAt") VALUES ('84f106c4-4a1b-4808-8b76-359e2ce65a29', '812b68c2-0641-4f8d-b1b4-6476f7037269', 'post_created', 'ec64cbd3-6595-4dae-9f11-443065b77597', 'post', NULL, TIMESTAMP '2025-12-05 17:11:58.193333');
INSERT INTO "UserActivityLog" ("Id", "UserId", "ActivityType", "RelatedId", "RelatedType", "Metadata", "CreatedAt") VALUES ('7f204aee-7f02-460d-9459-3ef00e240776', 'ad30c7f2-8d3a-4e0f-a951-72a15afb1902', 'post_created', '712b8c22-9760-4051-96f7-d4c031aaffa9', 'post', NULL, TIMESTAMP '2025-12-22 19:25:44.383333');
INSERT INTO "UserActivityLog" ("Id", "UserId", "ActivityType", "RelatedId", "RelatedType", "Metadata", "CreatedAt") VALUES ('0f39b689-38a5-4ee7-84c7-4f0b61c63eb2', 'e72130fb-1619-4202-a79f-6604ade34f01', 'video_uploaded', 'c6d33863-e57c-4e7d-843a-4ab2be78e82a', 'video', NULL, TIMESTAMP '2025-12-05 17:11:58.236666');
INSERT INTO "UserActivityLog" ("Id", "UserId", "ActivityType", "RelatedId", "RelatedType", "Metadata", "CreatedAt") VALUES ('60f8257d-1c85-4e15-8825-54fc6ba257ea', 'bdd084bb-f5ab-4647-a07d-936aaac85808', 'login', NULL, NULL, '{"ip": "192.168.1.8", "device": "Windows PC"}', TIMESTAMP '2025-12-05 17:11:58.346666');
INSERT INTO "UserActivityLog" ("Id", "UserId", "ActivityType", "RelatedId", "RelatedType", "Metadata", "CreatedAt") VALUES ('27c04b82-f9ef-4ca3-9881-575de5ede5dc', '8017107e-ecd0-4862-bc75-e6cf2bd9eab5', 'video_uploaded', '10e4d5b5-1130-4f09-8b26-b98f090fcbfb', 'video', NULL, TIMESTAMP '2025-12-05 17:11:58.236666');
INSERT INTO "UserActivityLog" ("Id", "UserId", "ActivityType", "RelatedId", "RelatedType", "Metadata", "CreatedAt") VALUES ('5976f381-6a95-4648-85be-5cdecb7d1382', '6cce5b34-5f21-4aee-8335-80a65075324a', 'post_created', '6c0327e5-0f17-49c5-94e4-3510e4ad5fa9', 'post', NULL, TIMESTAMP '2025-12-05 17:11:58.193333');
INSERT INTO "UserActivityLog" ("Id", "UserId", "ActivityType", "RelatedId", "RelatedType", "Metadata", "CreatedAt") VALUES ('941f8571-fce1-47e2-9c4e-6253f450ff01', 'e2ffaeef-5187-4511-a7f3-174ce39ffc2a', 'video_uploaded', 'cb33e2e0-d34b-430a-9aa2-ddc9c8d521e8', 'video', NULL, TIMESTAMP '2025-12-05 17:11:58.236666');
INSERT INTO "UserActivityLog" ("Id", "UserId", "ActivityType", "RelatedId", "RelatedType", "Metadata", "CreatedAt") VALUES ('afe96e37-fe8d-4d31-8212-684deafb1212', 'b6233ea7-a2ff-49ae-8c3a-6b305e720f58', 'product_purchased', 'bce67782-4e08-4276-8faf-f7bb6d655dd8', 'product', '{"product_name": "VIP Membership", "amount": 150000}', TIMESTAMP '2025-12-05 17:11:58.346666');
INSERT INTO "UserActivityLog" ("Id", "UserId", "ActivityType", "RelatedId", "RelatedType", "Metadata", "CreatedAt") VALUES ('bb7c584c-2793-4698-ba15-6e94de10636e', '44f5fcd8-f943-42ea-ae13-3a3cd4f3e69c', 'post_created', '2a4ef2f4-1f5c-44d8-b5dd-8d4336fb8d56', 'post', NULL, TIMESTAMP '2025-12-09 22:07:43.716666');
INSERT INTO "UserActivityLog" ("Id", "UserId", "ActivityType", "RelatedId", "RelatedType", "Metadata", "CreatedAt") VALUES ('48b32930-6b88-4f0a-98f2-74c9ae8a8abf', 'e72130fb-1619-4202-a79f-6604ade34f01', 'video_uploaded', 'c6d33863-e57c-4e7d-843a-4ab2be78e82a', 'video', '{"duration": 2400}', TIMESTAMP '2025-12-05 17:11:58.346666');
INSERT INTO "UserActivityLog" ("Id", "UserId", "ActivityType", "RelatedId", "RelatedType", "Metadata", "CreatedAt") VALUES ('a1fbf080-af01-4b41-b711-776e53ed41f0', '721902e0-19ae-48d5-84a9-cf09b5b6f605', 'post_created', '4caaa2a9-7212-43f0-b799-021034a655ef', 'post', NULL, TIMESTAMP '2025-12-23 08:30:57.456666');
INSERT INTO "UserActivityLog" ("Id", "UserId", "ActivityType", "RelatedId", "RelatedType", "Metadata", "CreatedAt") VALUES ('eebce035-521e-4c38-8b22-806f3f5be3cb', '910e8f9b-6f94-4b0e-bf8f-cf1bcbba5552', 'post_created', 'fa972833-763d-4096-a63e-df3dffcc19fc', 'post', NULL, TIMESTAMP '2025-12-05 17:11:58.193333');
INSERT INTO "UserActivityLog" ("Id", "UserId", "ActivityType", "RelatedId", "RelatedType", "Metadata", "CreatedAt") VALUES ('5bcb461c-de79-4be2-a87c-81f07469a17d', '7fea2a14-819d-43cb-b37c-23f3f6966ea5', 'post_created', 'a9fa8c44-385b-4371-87c6-4fc9a6024c6d', 'post', NULL, TIMESTAMP '2025-12-05 17:11:58.193333');
INSERT INTO "UserActivityLog" ("Id", "UserId", "ActivityType", "RelatedId", "RelatedType", "Metadata", "CreatedAt") VALUES ('5e650d7a-1252-4b48-bb16-827f98c359a4', '6aa29523-2037-48c9-a108-e2da2aa23da8', 'login', NULL, NULL, '{"ip": "192.168.1.11", "device": "Windows PC"}', TIMESTAMP '2025-12-05 17:11:58.346666');
INSERT INTO "UserActivityLog" ("Id", "UserId", "ActivityType", "RelatedId", "RelatedType", "Metadata", "CreatedAt") VALUES ('02ee7e45-2a66-4604-afe3-87aa151e6056', 'b6233ea7-a2ff-49ae-8c3a-6b305e720f58', 'game_played', 'ea468f6a-f9af-4a89-a29a-c69b89ab6721', 'game', '{"duration": 60, "result": "loss"}', TIMESTAMP '2025-12-05 17:11:58.346666');
INSERT INTO "UserActivityLog" ("Id", "UserId", "ActivityType", "RelatedId", "RelatedType", "Metadata", "CreatedAt") VALUES ('47584c01-369d-4e7c-8ec3-9d72e6f9c3b6', '7fea2a14-819d-43cb-b37c-23f3f6966ea5', 'video_uploaded', 'a01af85c-10da-4cd5-925f-9246cc27b8d0', 'video', NULL, TIMESTAMP '2025-12-05 17:11:58.236666');
INSERT INTO "UserActivityLog" ("Id", "UserId", "ActivityType", "RelatedId", "RelatedType", "Metadata", "CreatedAt") VALUES ('e2383c9c-8bfd-48e7-b730-9fbf6828e1fc', 'e2ffaeef-5187-4511-a7f3-174ce39ffc2a', 'post_created', '7e06b9f7-da5d-461c-9378-07b1e98cfff1', 'post', NULL, TIMESTAMP '2025-12-05 17:11:58.193333');
INSERT INTO "UserActivityLog" ("Id", "UserId", "ActivityType", "RelatedId", "RelatedType", "Metadata", "CreatedAt") VALUES ('0f3a673e-cc24-4e4e-8d28-a168511c807e', '910e8f9b-6f94-4b0e-bf8f-cf1bcbba5552', 'login', NULL, NULL, '{"ip": "192.168.1.13", "device": "Windows PC"}', TIMESTAMP '2025-12-05 17:11:58.346666');
INSERT INTO "UserActivityLog" ("Id", "UserId", "ActivityType", "RelatedId", "RelatedType", "Metadata", "CreatedAt") VALUES ('dad99682-734d-4f2e-8ac9-a5a197dfef48', '7fea2a14-819d-43cb-b37c-23f3f6966ea5', 'login', NULL, NULL, '{"ip": "192.168.1.14", "device": "Windows PC"}', TIMESTAMP '2025-12-05 17:11:58.346666');
INSERT INTO "UserActivityLog" ("Id", "UserId", "ActivityType", "RelatedId", "RelatedType", "Metadata", "CreatedAt") VALUES ('410885a6-bb41-4c98-a196-abdc54b6e95e', 'bdd084bb-f5ab-4647-a07d-936aaac85808', 'video_uploaded', '7d5e0337-0332-4561-8a16-437c8e009681', 'video', '{"duration": 3600}', TIMESTAMP '2025-12-05 17:11:58.346666');
INSERT INTO "UserActivityLog" ("Id", "UserId", "ActivityType", "RelatedId", "RelatedType", "Metadata", "CreatedAt") VALUES ('12180284-4b60-4b92-aa24-b615bec8f76f', 'e72130fb-1619-4202-a79f-6604ade34f01', 'login', NULL, NULL, '{"ip": "192.168.1.15", "device": "Windows PC"}', TIMESTAMP '2025-12-05 17:11:58.346666');
INSERT INTO "UserActivityLog" ("Id", "UserId", "ActivityType", "RelatedId", "RelatedType", "Metadata", "CreatedAt") VALUES ('41290de6-3c57-445f-8255-c0e0d1cec845', '6cce5b34-5f21-4aee-8335-80a65075324a', 'login', NULL, NULL, '{"ip": "192.168.1.9", "device": "Windows PC"}', TIMESTAMP '2025-12-05 17:11:58.346666');
INSERT INTO "UserActivityLog" ("Id", "UserId", "ActivityType", "RelatedId", "RelatedType", "Metadata", "CreatedAt") VALUES ('5a974e7c-980c-4771-9f17-c774a85e3674', '8017107e-ecd0-4862-bc75-e6cf2bd9eab5', 'login', NULL, NULL, '{"ip": "192.168.1.3", "device": "Mac"}', TIMESTAMP '2025-12-05 17:11:58.346666');
INSERT INTO "UserActivityLog" ("Id", "UserId", "ActivityType", "RelatedId", "RelatedType", "Metadata", "CreatedAt") VALUES ('a6575d2f-c46a-4c1a-be05-c920ae67cf0f', '9642ed4d-193a-4472-b63f-55f0357e6336', 'game_played', '4e0df570-9486-4ea8-92fd-7b50f2dcc9ae', 'game', '{"duration": 45, "result": "win"}', TIMESTAMP '2025-12-05 17:11:58.346666');
INSERT INTO "UserActivityLog" ("Id", "UserId", "ActivityType", "RelatedId", "RelatedType", "Metadata", "CreatedAt") VALUES ('c14126ad-ac05-4614-adc5-e0aa49669af5', 'bdd084bb-f5ab-4647-a07d-936aaac85808', 'post_created', '506c964c-7336-4fe7-a2dd-c2db5c1bc8cf', 'post', NULL, TIMESTAMP '2025-12-05 17:11:58.193333');
INSERT INTO "UserActivityLog" ("Id", "UserId", "ActivityType", "RelatedId", "RelatedType", "Metadata", "CreatedAt") VALUES ('fcbdbf77-c10e-4b7e-a4ce-e10fd45675b2', '0ff9ac64-3deb-450b-b332-aa7ae36fd398', 'login', NULL, NULL, '{"ip": "192.168.1.6", "device": "Windows PC"}', TIMESTAMP '2025-12-05 17:11:58.346666');
INSERT INTO "UserActivityLog" ("Id", "UserId", "ActivityType", "RelatedId", "RelatedType", "Metadata", "CreatedAt") VALUES ('9b53f218-fca2-4f99-8f69-e44c8b5098ae', 'e72130fb-1619-4202-a79f-6604ade34f01', 'post_created', 'eb7d0477-e884-44c5-ab70-573b96eaafc8', 'post', NULL, TIMESTAMP '2025-12-05 17:11:58.193333');
INSERT INTO "UserActivityLog" ("Id", "UserId", "ActivityType", "RelatedId", "RelatedType", "Metadata", "CreatedAt") VALUES ('9e2be727-566f-40c6-b8ca-e5bc0244d85e', '0ff9ac64-3deb-450b-b332-aa7ae36fd398', 'post_created', '9e918182-fdd5-42db-b3a7-a0b340823274', 'post', NULL, TIMESTAMP '2025-12-05 17:11:58.193333');
INSERT INTO "UserActivityLog" ("Id", "UserId", "ActivityType", "RelatedId", "RelatedType", "Metadata", "CreatedAt") VALUES ('374dd579-01ea-4d53-a187-e9f0ac0ccf69', '6aa29523-2037-48c9-a108-e2da2aa23da8', 'game_played', '4e0df570-9486-4ea8-92fd-7b50f2dcc9ae', 'game', '{"duration": 90, "result": "win"}', TIMESTAMP '2025-12-05 17:11:58.346666');
INSERT INTO "UserActivityLog" ("Id", "UserId", "ActivityType", "RelatedId", "RelatedType", "Metadata", "CreatedAt") VALUES ('49a65f27-57dd-406e-bdb8-eb030d22a5bd', 'e2ffaeef-5187-4511-a7f3-174ce39ffc2a', 'post_created', '7e06b9f7-da5d-461c-9378-07b1e98cfff1', 'post', '{"content_length": 45}', TIMESTAMP '2025-12-05 17:11:58.346666');
INSERT INTO "UserActivityLog" ("Id", "UserId", "ActivityType", "RelatedId", "RelatedType", "Metadata", "CreatedAt") VALUES ('25547375-ff40-47a9-b098-ef0bb8c0cc71', '9642ed4d-193a-4472-b63f-55f0357e6336', 'post_created', '89aa4089-9ecf-434a-99df-f36c7533ec9a', 'post', NULL, TIMESTAMP '2025-12-05 17:11:58.193333');
INSERT INTO "UserActivityLog" ("Id", "UserId", "ActivityType", "RelatedId", "RelatedType", "Metadata", "CreatedAt") VALUES ('c4ea5b67-2b87-430b-abe7-f202da04d984', 'e2ffaeef-5187-4511-a7f3-174ce39ffc2a', 'game_played', 'ea468f6a-f9af-4a89-a29a-c69b89ab6721', 'game', '{"duration": 120, "result": "win"}', TIMESTAMP '2025-12-05 17:11:58.346666');
INSERT INTO "UserActivityLog" ("Id", "UserId", "ActivityType", "RelatedId", "RelatedType", "Metadata", "CreatedAt") VALUES ('d5b614df-581a-4cd3-b6c6-f45fc94fcc18', '8017107e-ecd0-4862-bc75-e6cf2bd9eab5', 'video_uploaded', '10e4d5b5-1130-4f09-8b26-b98f090fcbfb', 'video', '{"duration": 900}', TIMESTAMP '2025-12-05 17:11:58.346666');
INSERT INTO "UserActivityLog" ("Id", "UserId", "ActivityType", "RelatedId", "RelatedType", "Metadata", "CreatedAt") VALUES ('b14fa379-47a0-4d2e-b0ff-f729a2ba299e', 'bdd084bb-f5ab-4647-a07d-936aaac85808', 'video_uploaded', '7d5e0337-0332-4561-8a16-437c8e009681', 'video', NULL, TIMESTAMP '2025-12-05 17:11:58.236666');

-- UserBadges: 4 rows
INSERT INTO "UserBadges" ("Id", "UserId", "BadgeName", "BadgeType", "IconUrl", "AwardedAt") VALUES ('e9ad7c9f-312b-422b-a928-41d4accd0330', '44f5fcd8-f943-42ea-ae13-3a3cd4f3e69c', 'Admin', 'developer', 'https://i.imgur.com/admin.png', TIMESTAMP '2025-12-05 17:11:58.256666');
INSERT INTO "UserBadges" ("Id", "UserId", "BadgeName", "BadgeType", "IconUrl", "AwardedAt") VALUES ('21681db6-fae4-48fa-b6c5-4b84f4cb36bb', 'e2ffaeef-5187-4511-a7f3-174ce39ffc2a', 'Verified Player', 'verified', 'https://i.imgur.com/verified.png', TIMESTAMP '2025-12-05 17:11:58.256666');
INSERT INTO "UserBadges" ("Id", "UserId", "BadgeName", "BadgeType", "IconUrl", "AwardedAt") VALUES ('ccb4d515-fb4f-4544-a211-791476566cf5', '8017107e-ecd0-4862-bc75-e6cf2bd9eab5', 'Moderator', 'moderator', 'https://i.imgur.com/mod.png', TIMESTAMP '2025-12-05 17:11:58.256666');
INSERT INTO "UserBadges" ("Id", "UserId", "BadgeName", "BadgeType", "IconUrl", "AwardedAt") VALUES ('05e2838c-0565-42a5-a24f-99de563cfc2e', 'b6233ea7-a2ff-49ae-8c3a-6b305e720f58', 'Content Creator', 'partner', 'https://i.imgur.com/partner.png', TIMESTAMP '2025-12-05 17:11:58.256666');

-- UserGameLibrary: 20 rows
INSERT INTO "UserGameLibrary" ("Id", "UserId", "GameId", "IsInstalled", "InstallPath", "LastPlayed", "TotalPlayTime", "IsFavorite", "AddedAt") VALUES ('46daa166-b872-4487-b6e0-04c5220d20b8', '6aa29523-2037-48c9-a108-e2da2aa23da8', '4e0df570-9486-4ea8-92fd-7b50f2dcc9ae', TRUE, 'C:\Games\CS2', TIMESTAMP '2025-12-05 15:11:58.260000', 36000, TRUE, TIMESTAMP '2025-12-05 17:11:58.260000');
INSERT INTO "UserGameLibrary" ("Id", "UserId", "GameId", "IsInstalled", "InstallPath", "LastPlayed", "TotalPlayTime", "IsFavorite", "AddedAt") VALUES ('50477e73-f18a-459f-9c65-185f6cebf4f9', '910e8f9b-6f94-4b0e-bf8f-cf1bcbba5552', 'ea468f6a-f9af-4a89-a29a-c69b89ab6721', TRUE, 'C:\Games\Valorant', TIMESTAMP '2025-12-05 16:11:58.260000', 48000, TRUE, TIMESTAMP '2025-12-05 17:11:58.260000');
INSERT INTO "UserGameLibrary" ("Id", "UserId", "GameId", "IsInstalled", "InstallPath", "LastPlayed", "TotalPlayTime", "IsFavorite", "AddedAt") VALUES ('b23746f8-0e1d-4856-ba84-1ac1fc0b6dca', 'e2ffaeef-5187-4511-a7f3-174ce39ffc2a', '4e0df570-9486-4ea8-92fd-7b50f2dcc9ae', TRUE, 'C:\Games\CS2', TIMESTAMP '2025-12-02 17:11:58.260000', 15000, FALSE, TIMESTAMP '2025-12-05 17:11:58.260000');
INSERT INTO "UserGameLibrary" ("Id", "UserId", "GameId", "IsInstalled", "InstallPath", "LastPlayed", "TotalPlayTime", "IsFavorite", "AddedAt") VALUES ('ede4b2df-37c9-44ba-be20-36635a5bc080', 'bdd084bb-f5ab-4647-a07d-936aaac85808', '1892e532-e1f3-4922-9ed8-2ea13b4d1d88', TRUE, 'C:\Games\ApexLegends', TIMESTAMP '2025-12-04 17:11:58.260000', 9000, FALSE, TIMESTAMP '2025-12-05 17:11:58.260000');
INSERT INTO "UserGameLibrary" ("Id", "UserId", "GameId", "IsInstalled", "InstallPath", "LastPlayed", "TotalPlayTime", "IsFavorite", "AddedAt") VALUES ('741e55b9-b402-4010-a760-3881f09b4190', '8017107e-ecd0-4862-bc75-e6cf2bd9eab5', 'af29bbea-cc12-4208-988b-56d2962214d8', TRUE, 'C:\Games\Dota2', TIMESTAMP '2025-12-03 17:11:58.260000', 28800, FALSE, TIMESTAMP '2025-12-05 17:11:58.260000');
INSERT INTO "UserGameLibrary" ("Id", "UserId", "GameId", "IsInstalled", "InstallPath", "LastPlayed", "TotalPlayTime", "IsFavorite", "AddedAt") VALUES ('461325a3-c499-495d-b2f0-4ff81ee01ae1', 'bdd084bb-f5ab-4647-a07d-936aaac85808', 'ea468f6a-f9af-4a89-a29a-c69b89ab6721', TRUE, 'C:\Games\Valorant', TIMESTAMP '2025-12-05 11:11:58.260000', 18000, TRUE, TIMESTAMP '2025-12-05 17:11:58.260000');
INSERT INTO "UserGameLibrary" ("Id", "UserId", "GameId", "IsInstalled", "InstallPath", "LastPlayed", "TotalPlayTime", "IsFavorite", "AddedAt") VALUES ('a018ff5d-91c6-4ce0-ad8d-58e8f579d13a', '0ff9ac64-3deb-450b-b332-aa7ae36fd398', 'ea468f6a-f9af-4a89-a29a-c69b89ab6721', TRUE, 'C:\Games\Valorant', TIMESTAMP '2025-12-03 17:11:58.260000', 12000, FALSE, TIMESTAMP '2025-12-05 17:11:58.260000');
INSERT INTO "UserGameLibrary" ("Id", "UserId", "GameId", "IsInstalled", "InstallPath", "LastPlayed", "TotalPlayTime", "IsFavorite", "AddedAt") VALUES ('25de0efb-b794-463e-9c88-83a58fb8142b', '9642ed4d-193a-4472-b63f-55f0357e6336', 'a670d762-4645-4d2e-8bd3-ff67e5960d10', TRUE, 'C:\Games\Overwatch2', TIMESTAMP '2025-12-03 17:11:58.260000', 12000, FALSE, TIMESTAMP '2025-12-05 17:11:58.260000');
INSERT INTO "UserGameLibrary" ("Id", "UserId", "GameId", "IsInstalled", "InstallPath", "LastPlayed", "TotalPlayTime", "IsFavorite", "AddedAt") VALUES ('3720c521-bad9-4fd3-8718-8af38ff2d6cd', '8017107e-ecd0-4862-bc75-e6cf2bd9eab5', 'ea468f6a-f9af-4a89-a29a-c69b89ab6721', TRUE, 'C:\Games\Valorant', TIMESTAMP '2025-12-01 17:11:58.260000', 8000, FALSE, TIMESTAMP '2025-12-05 17:11:58.260000');
INSERT INTO "UserGameLibrary" ("Id", "UserId", "GameId", "IsInstalled", "InstallPath", "LastPlayed", "TotalPlayTime", "IsFavorite", "AddedAt") VALUES ('948f716e-ab58-4442-afa2-a2aba1b59181', '9642ed4d-193a-4472-b63f-55f0357e6336', 'ea468f6a-f9af-4a89-a29a-c69b89ab6721', FALSE, NULL, TIMESTAMP '2025-11-30 17:11:58.260000', 18000, FALSE, TIMESTAMP '2025-12-05 17:11:58.260000');
INSERT INTO "UserGameLibrary" ("Id", "UserId", "GameId", "IsInstalled", "InstallPath", "LastPlayed", "TotalPlayTime", "IsFavorite", "AddedAt") VALUES ('1deda91f-09b9-43d1-84ac-a553494e5458', '910e8f9b-6f94-4b0e-bf8f-cf1bcbba5552', '783a1917-691d-4d5c-a2bc-6dd9a6341190', TRUE, 'C:\Games\LeagueOfLegends', TIMESTAMP '2025-12-03 17:11:58.260000', 21000, FALSE, TIMESTAMP '2025-12-05 17:11:58.260000');
INSERT INTO "UserGameLibrary" ("Id", "UserId", "GameId", "IsInstalled", "InstallPath", "LastPlayed", "TotalPlayTime", "IsFavorite", "AddedAt") VALUES ('b24c8769-8757-4b7b-8dc7-b06b80336fac', 'b6233ea7-a2ff-49ae-8c3a-6b305e720f58', 'ea468f6a-f9af-4a89-a29a-c69b89ab6721', TRUE, 'C:\Games\Valorant', TIMESTAMP '2025-12-05 12:11:58.260000', 8700, TRUE, TIMESTAMP '2025-12-05 17:11:58.260000');
INSERT INTO "UserGameLibrary" ("Id", "UserId", "GameId", "IsInstalled", "InstallPath", "LastPlayed", "TotalPlayTime", "IsFavorite", "AddedAt") VALUES ('1f2ce78d-f381-4e00-91a7-ba25ad6d4540', 'b6233ea7-a2ff-49ae-8c3a-6b305e720f58', '783a1917-691d-4d5c-a2bc-6dd9a6341190', TRUE, 'C:\Games\LeagueOfLegends', TIMESTAMP '2025-12-04 17:11:58.260000', 5400, FALSE, TIMESTAMP '2025-12-05 17:11:58.260000');
INSERT INTO "UserGameLibrary" ("Id", "UserId", "GameId", "IsInstalled", "InstallPath", "LastPlayed", "TotalPlayTime", "IsFavorite", "AddedAt") VALUES ('d188a44a-4626-4fb3-a135-ba378594e442', '8017107e-ecd0-4862-bc75-e6cf2bd9eab5', '783a1917-691d-4d5c-a2bc-6dd9a6341190', TRUE, 'C:\Games\LeagueOfLegends', TIMESTAMP '2025-12-05 14:11:58.260000', 43200, TRUE, TIMESTAMP '2025-12-05 17:11:58.260000');
INSERT INTO "UserGameLibrary" ("Id", "UserId", "GameId", "IsInstalled", "InstallPath", "LastPlayed", "TotalPlayTime", "IsFavorite", "AddedAt") VALUES ('7e06dfbf-a952-4c6a-984a-bbedb40a0a7d', '9642ed4d-193a-4472-b63f-55f0357e6336', '4e0df570-9486-4ea8-92fd-7b50f2dcc9ae', TRUE, 'C:\Games\CS2', TIMESTAMP '2025-12-05 16:11:58.260000', 27000, TRUE, TIMESTAMP '2025-12-05 17:11:58.260000');
INSERT INTO "UserGameLibrary" ("Id", "UserId", "GameId", "IsInstalled", "InstallPath", "LastPlayed", "TotalPlayTime", "IsFavorite", "AddedAt") VALUES ('a965176d-aac2-4a3d-b612-c865906c6dd6', 'e2ffaeef-5187-4511-a7f3-174ce39ffc2a', 'ea468f6a-f9af-4a89-a29a-c69b89ab6721', TRUE, 'C:\Games\Valorant', TIMESTAMP '2025-12-05 15:11:58.260000', 30000, TRUE, TIMESTAMP '2025-12-05 17:11:58.260000');
INSERT INTO "UserGameLibrary" ("Id", "UserId", "GameId", "IsInstalled", "InstallPath", "LastPlayed", "TotalPlayTime", "IsFavorite", "AddedAt") VALUES ('8a284a6c-2e7f-418f-956e-cb9d17b10ce5', '6cce5b34-5f21-4aee-8335-80a65075324a', 'ea468f6a-f9af-4a89-a29a-c69b89ab6721', TRUE, 'C:\Games\Valorant', TIMESTAMP '2025-12-05 14:11:58.260000', 24000, TRUE, TIMESTAMP '2025-12-05 17:11:58.260000');
INSERT INTO "UserGameLibrary" ("Id", "UserId", "GameId", "IsInstalled", "InstallPath", "LastPlayed", "TotalPlayTime", "IsFavorite", "AddedAt") VALUES ('a64dfda4-8dcc-41d4-9a45-cebca6fc8e35', '0ff9ac64-3deb-450b-b332-aa7ae36fd398', 'af29bbea-cc12-4208-988b-56d2962214d8', TRUE, 'C:\Games\Dota2', TIMESTAMP '2025-12-05 13:11:58.260000', 72000, TRUE, TIMESTAMP '2025-12-05 17:11:58.260000');
INSERT INTO "UserGameLibrary" ("Id", "UserId", "GameId", "IsInstalled", "InstallPath", "LastPlayed", "TotalPlayTime", "IsFavorite", "AddedAt") VALUES ('178801f9-f083-4ef0-ab65-ed8560658a53', '6aa29523-2037-48c9-a108-e2da2aa23da8', 'ea468f6a-f9af-4a89-a29a-c69b89ab6721', TRUE, 'C:\Games\Valorant', TIMESTAMP '2025-12-04 17:11:58.260000', 15000, FALSE, TIMESTAMP '2025-12-05 17:11:58.260000');
INSERT INTO "UserGameLibrary" ("Id", "UserId", "GameId", "IsInstalled", "InstallPath", "LastPlayed", "TotalPlayTime", "IsFavorite", "AddedAt") VALUES ('8dea8ba2-c294-45a6-b0d1-ee3c158e60a1', 'e2ffaeef-5187-4511-a7f3-174ce39ffc2a', '783a1917-691d-4d5c-a2bc-6dd9a6341190', TRUE, 'C:\Games\LeagueOfLegends', TIMESTAMP '2025-12-04 17:11:58.260000', 72000, TRUE, TIMESTAMP '2025-12-05 17:11:58.260000');

-- UserPreferences: 5 rows
INSERT INTO "UserPreferences" ("Id", "UserId", "Theme", "Language", "EmailNotifications", "PushNotifications", "PrivacyLevel", "ShowOnlineStatus", "CreatedAt", "UpdatedAt") VALUES ('f7b5308b-0407-4a6a-8436-04a59cff8bfb', '44f5fcd8-f943-42ea-ae13-3a3cd4f3e69c', 'light', 'en', TRUE, TRUE, 'public', TRUE, TIMESTAMP '2025-12-05 17:11:58.256666', TIMESTAMP '2025-12-05 17:11:58.256666');
INSERT INTO "UserPreferences" ("Id", "UserId", "Theme", "Language", "EmailNotifications", "PushNotifications", "PrivacyLevel", "ShowOnlineStatus", "CreatedAt", "UpdatedAt") VALUES ('aad23f82-5483-4b59-8a67-2589633abc2b', '9642ed4d-193a-4472-b63f-55f0357e6336', 'dark', 'vi', TRUE, FALSE, 'friends', TRUE, TIMESTAMP '2025-12-05 17:11:58.256666', TIMESTAMP '2025-12-05 17:11:58.256666');
INSERT INTO "UserPreferences" ("Id", "UserId", "Theme", "Language", "EmailNotifications", "PushNotifications", "PrivacyLevel", "ShowOnlineStatus", "CreatedAt", "UpdatedAt") VALUES ('d0000992-a2d2-4327-907d-5210c283a184', 'b6233ea7-a2ff-49ae-8c3a-6b305e720f58', 'dark', 'vi', FALSE, TRUE, 'public', TRUE, TIMESTAMP '2025-12-05 17:11:58.256666', TIMESTAMP '2025-12-05 17:11:58.256666');
INSERT INTO "UserPreferences" ("Id", "UserId", "Theme", "Language", "EmailNotifications", "PushNotifications", "PrivacyLevel", "ShowOnlineStatus", "CreatedAt", "UpdatedAt") VALUES ('1f4d9d85-803a-4b74-9085-a707ec24d0c0', '8017107e-ecd0-4862-bc75-e6cf2bd9eab5', 'light', 'en', TRUE, TRUE, 'public', TRUE, TIMESTAMP '2025-12-05 17:11:58.256666', TIMESTAMP '2025-12-05 17:11:58.256666');
INSERT INTO "UserPreferences" ("Id", "UserId", "Theme", "Language", "EmailNotifications", "PushNotifications", "PrivacyLevel", "ShowOnlineStatus", "CreatedAt", "UpdatedAt") VALUES ('7356999e-2ac0-42e7-8ace-ef51e494719b', 'e2ffaeef-5187-4511-a7f3-174ce39ffc2a', 'dark', 'vi', TRUE, TRUE, 'public', TRUE, TIMESTAMP '2025-12-05 17:11:58.256666', TIMESTAMP '2025-12-05 17:11:58.256666');

-- UserStats: 19 rows
INSERT INTO "UserStats" ("Id", "UserId", "FriendsCount", "WinningCount", "TournamentsCount", "PostsCount", "PhotosCount", "VideosCount", "GroupsCount", "TotalPoints", "Level") VALUES ('10daa70b-cca9-473c-ad17-03e142bcb1bf', '6cce5b34-5f21-4aee-8335-80a65075324a', 3, 123, 0, 156, 234, 90, 4, 4500, 38);
INSERT INTO "UserStats" ("Id", "UserId", "FriendsCount", "WinningCount", "TournamentsCount", "PostsCount", "PhotosCount", "VideosCount", "GroupsCount", "TotalPoints", "Level") VALUES ('db878142-3e9d-4b69-9204-16f9cdbb2ecd', '44f5fcd8-f943-42ea-ae13-3a3cd4f3e69c', 0, 0, 0, 5, 0, 0, 0, 0, 1);
INSERT INTO "UserStats" ("Id", "UserId", "FriendsCount", "WinningCount", "TournamentsCount", "PostsCount", "PhotosCount", "VideosCount", "GroupsCount", "TotalPoints", "Level") VALUES ('68c36033-2f25-4a80-863e-3f2db62a1f97', '8017107e-ecd0-4862-bc75-e6cf2bd9eab5', 3, 234, 0, 45, 67, 21, 4, 4200, 35);
INSERT INTO "UserStats" ("Id", "UserId", "FriendsCount", "WinningCount", "TournamentsCount", "PostsCount", "PhotosCount", "VideosCount", "GroupsCount", "TotalPoints", "Level") VALUES ('f5dd5881-8d9e-4fbd-88b8-64d895ef16ca', '9642ed4d-193a-4472-b63f-55f0357e6336', 2, 89, 0, 15, 20, 9, 2, 1800, 18);
INSERT INTO "UserStats" ("Id", "UserId", "FriendsCount", "WinningCount", "TournamentsCount", "PostsCount", "PhotosCount", "VideosCount", "GroupsCount", "TotalPoints", "Level") VALUES ('319d4678-bc45-4e9b-a983-6cf92270df67', 'bdd084bb-f5ab-4647-a07d-936aaac85808', 4, 456, 0, 78, 156, 68, 6, 7200, 50);
INSERT INTO "UserStats" ("Id", "UserId", "FriendsCount", "WinningCount", "TournamentsCount", "PostsCount", "PhotosCount", "VideosCount", "GroupsCount", "TotalPoints", "Level") VALUES ('79752206-be0a-490c-ae6c-95d3ca732037', '812b68c2-0641-4f8d-b1b4-6476f7037269', 2, 34, 0, 12, 15, 3, 1, 890, 12);
INSERT INTO "UserStats" ("Id", "UserId", "FriendsCount", "WinningCount", "TournamentsCount", "PostsCount", "PhotosCount", "VideosCount", "GroupsCount", "TotalPoints", "Level") VALUES ('3c6092fe-50fa-4b27-9a89-a20a468f45ae', 'b6233ea7-a2ff-49ae-8c3a-6b305e720f58', 4, 56, 0, 89, 120, 45, 3, 3100, 28);
INSERT INTO "UserStats" ("Id", "UserId", "FriendsCount", "WinningCount", "TournamentsCount", "PostsCount", "PhotosCount", "VideosCount", "GroupsCount", "TotalPoints", "Level") VALUES ('4fb405e6-1b1c-4aa2-a3e6-a2cdff19e7dc', 'ad30c7f2-8d3a-4e0f-a951-72a15afb1902', 0, 0, 0, 0, 0, 0, 0, 0, 1);
INSERT INTO "UserStats" ("Id", "UserId", "FriendsCount", "WinningCount", "TournamentsCount", "PostsCount", "PhotosCount", "VideosCount", "GroupsCount", "TotalPoints", "Level") VALUES ('c5f73d9c-8a1f-4f18-99ad-ab9da9e71d4c', '7fea2a14-819d-43cb-b37c-23f3f6966ea5', 4, 145, 0, 89, 123, 35, 4, 3800, 32);
INSERT INTO "UserStats" ("Id", "UserId", "FriendsCount", "WinningCount", "TournamentsCount", "PostsCount", "PhotosCount", "VideosCount", "GroupsCount", "TotalPoints", "Level") VALUES ('b027677f-8044-415e-98bf-b1dd15aeb288', 'e2ffaeef-5187-4511-a7f3-174ce39ffc2a', 3, 145, 0, 23, 45, 13, 3, 2500, 25);
INSERT INTO "UserStats" ("Id", "UserId", "FriendsCount", "WinningCount", "TournamentsCount", "PostsCount", "PhotosCount", "VideosCount", "GroupsCount", "TotalPoints", "Level") VALUES ('cffcc1d8-6ec4-4fdd-8e9e-b514e668cb0d', '1f90039c-f0e2-48a6-816d-972666daee22', 0, 0, 0, 0, 0, 0, 0, 0, 1);
INSERT INTO "UserStats" ("Id", "UserId", "FriendsCount", "WinningCount", "TournamentsCount", "PostsCount", "PhotosCount", "VideosCount", "GroupsCount", "TotalPoints", "Level") VALUES ('5a909aa9-c50a-4ab5-8a42-bd1dd71843b0', 'ced5ce6e-7631-4433-a26c-a0ba07dcb986', 3, 78, 0, 45, 67, 15, 3, 2300, 22);
INSERT INTO "UserStats" ("Id", "UserId", "FriendsCount", "WinningCount", "TournamentsCount", "PostsCount", "PhotosCount", "VideosCount", "GroupsCount", "TotalPoints", "Level") VALUES ('105bd069-f877-41c5-8964-bece39eadcdf', '6aa29523-2037-48c9-a108-e2da2aa23da8', 6, 289, 0, 98, 145, 45, 5, 5100, 40);
INSERT INTO "UserStats" ("Id", "UserId", "FriendsCount", "WinningCount", "TournamentsCount", "PostsCount", "PhotosCount", "VideosCount", "GroupsCount", "TotalPoints", "Level") VALUES ('32f32709-3303-458f-bc5d-c8960dfeb83e', 'e72130fb-1619-4202-a79f-6604ade34f01', 2, 56, 0, 23, 45, 9, 2, 1650, 14);
INSERT INTO "UserStats" ("Id", "UserId", "FriendsCount", "WinningCount", "TournamentsCount", "PostsCount", "PhotosCount", "VideosCount", "GroupsCount", "TotalPoints", "Level") VALUES ('33af3c02-b70d-44eb-ace4-d9e9505768e9', '910e8f9b-6f94-4b0e-bf8f-cf1bcbba5552', 8, 198, 0, 234, 345, 157, 7, 6800, 48);
INSERT INTO "UserStats" ("Id", "UserId", "FriendsCount", "WinningCount", "TournamentsCount", "PostsCount", "PhotosCount", "VideosCount", "GroupsCount", "TotalPoints", "Level") VALUES ('f89b5765-ab91-4909-abea-dbc59c80c4e5', 'c88cbe0e-1caf-4fdd-aa07-8d46ba7253a3', 0, 0, 0, 0, 0, 0, 0, 0, 1);
INSERT INTO "UserStats" ("Id", "UserId", "FriendsCount", "WinningCount", "TournamentsCount", "PostsCount", "PhotosCount", "VideosCount", "GroupsCount", "TotalPoints", "Level") VALUES ('56958155-6344-4c18-bc65-dcf49f1ac5d8', '0ff9ac64-3deb-450b-b332-aa7ae36fd398', 5, 312, 0, 67, 89, 35, 5, 5600, 42);
INSERT INTO "UserStats" ("Id", "UserId", "FriendsCount", "WinningCount", "TournamentsCount", "PostsCount", "PhotosCount", "VideosCount", "GroupsCount", "TotalPoints", "Level") VALUES ('5ce37800-f187-4696-9884-de60a1583947', '09c31bd3-2336-4135-86f8-a82083a991f4', 2, 67, 0, 34, 78, 12, 2, 1950, 16);
INSERT INTO "UserStats" ("Id", "UserId", "FriendsCount", "WinningCount", "TournamentsCount", "PostsCount", "PhotosCount", "VideosCount", "GroupsCount", "TotalPoints", "Level") VALUES ('ee064f75-21d6-4ab0-9729-f2a66fc6ae11', '721902e0-19ae-48d5-84a9-cf09b5b6f605', 0, 0, 0, 0, 0, 0, 0, 0, 1);

-- Videos: 9 rows
INSERT INTO "Videos" ("Id", "UserId", "GameId", "Title", "Description", "VideoUrl", "ThumbnailUrl", "Duration", "ViewsCount", "LikesCount", "CommentsCount", "Category", "IsPublic", "CreatedAt", "UpdatedAt") VALUES ('7d5e0337-0332-4561-8a16-437c8e009681', 'bdd084bb-f5ab-4647-a07d-936aaac85808', NULL, 'Speedrun World Record Attempt', 'Going for the new record!', 'https://video.ggzone.com/v5', 'https://images.unsplash.com/photo-1560253023-3ec5d502959f', 3600, 45678, 4568, 346, 'highlight', TRUE, TIMESTAMP '2025-12-05 17:11:58.223333', TIMESTAMP '2025-12-05 17:11:58.223333');
INSERT INTO "Videos" ("Id", "UserId", "GameId", "Title", "Description", "VideoUrl", "ThumbnailUrl", "Duration", "ViewsCount", "LikesCount", "CommentsCount", "Category", "IsPublic", "CreatedAt", "UpdatedAt") VALUES ('c6d33863-e57c-4e7d-843a-4ab2be78e82a', 'e72130fb-1619-4202-a79f-6604ade34f01', NULL, 'Game Development Tutorial Series', 'Learn game dev from scratch', 'https://video.ggzone.com/v9', 'https://images.unsplash.com/photo-1552820728-8b83bb6b773f', 2400, 38456, 3846, 268, 'tutorial', TRUE, TIMESTAMP '2025-12-05 17:11:58.223333', TIMESTAMP '2025-12-05 17:11:58.223333');
INSERT INTO "Videos" ("Id", "UserId", "GameId", "Title", "Description", "VideoUrl", "ThumbnailUrl", "Duration", "ViewsCount", "LikesCount", "CommentsCount", "Category", "IsPublic", "CreatedAt", "UpdatedAt") VALUES ('a6be5200-541c-4b30-a8f5-55bcca41fc6c', '6cce5b34-5f21-4aee-8335-80a65075324a', 'ea468f6a-f9af-4a89-a29a-c69b89ab6721', 'Valorant Meta Breakdown', 'Current meta analysis and tips', 'https://video.ggzone.com/v6', 'https://images.unsplash.com/photo-1542751371-adc38448a05e', 1080, 28934, 2894, 199, 'analysis', TRUE, TIMESTAMP '2025-12-05 17:11:58.223333', TIMESTAMP '2025-12-05 17:11:58.223333');
INSERT INTO "Videos" ("Id", "UserId", "GameId", "Title", "Description", "VideoUrl", "ThumbnailUrl", "Duration", "ViewsCount", "LikesCount", "CommentsCount", "Category", "IsPublic", "CreatedAt", "UpdatedAt") VALUES ('d3da45d2-c734-45b8-ad08-608681379f67', '0ff9ac64-3deb-450b-b332-aa7ae36fd398', 'af29bbea-cc12-4208-988b-56d2962214d8', 'Dota 2 Beginner Guide', 'Everything you need to know', 'https://video.ggzone.com/v4', 'https://images.unsplash.com/photo-1552820728-8b83bb6b773f', 1200, 34567, 3457, 235, 'tutorial', TRUE, TIMESTAMP '2025-12-05 17:11:58.223333', TIMESTAMP '2025-12-05 17:11:58.223333');
INSERT INTO "Videos" ("Id", "UserId", "GameId", "Title", "Description", "VideoUrl", "ThumbnailUrl", "Duration", "ViewsCount", "LikesCount", "CommentsCount", "Category", "IsPublic", "CreatedAt", "UpdatedAt") VALUES ('a01af85c-10da-4cd5-925f-9246cc27b8d0', '7fea2a14-819d-43cb-b37c-23f3f6966ea5', NULL, 'Community Highlights Compilation', 'Best moments from the community', 'https://video.ggzone.com/v8', 'https://images.unsplash.com/photo-1511512578047-dfb367046420', 600, 19234, 1924, 135, 'highlight', TRUE, TIMESTAMP '2025-12-05 17:11:58.223333', TIMESTAMP '2025-12-05 17:11:58.223333');
INSERT INTO "Videos" ("Id", "UserId", "GameId", "Title", "Description", "VideoUrl", "ThumbnailUrl", "Duration", "ViewsCount", "LikesCount", "CommentsCount", "Category", "IsPublic", "CreatedAt", "UpdatedAt") VALUES ('10e4d5b5-1130-4f09-8b26-b98f090fcbfb', '8017107e-ecd0-4862-bc75-e6cf2bd9eab5', '783a1917-691d-4d5c-a2bc-6dd9a6341190', 'League Patch 13.24 Analysis', 'Breaking down the new meta', 'https://video.ggzone.com/v3', 'https://images.unsplash.com/photo-1511512578047-dfb367046420', 900, 23456, 2346, 157, 'review', TRUE, TIMESTAMP '2025-12-05 17:11:58.223333', TIMESTAMP '2025-12-05 17:11:58.223333');
INSERT INTO "Videos" ("Id", "UserId", "GameId", "Title", "Description", "VideoUrl", "ThumbnailUrl", "Duration", "ViewsCount", "LikesCount", "CommentsCount", "Category", "IsPublic", "CreatedAt", "UpdatedAt") VALUES ('0202380a-84d8-4c10-952c-cf736b298192', '9642ed4d-193a-4472-b63f-55f0357e6336', '4e0df570-9486-4ea8-92fd-7b50f2dcc9ae', 'CS2 Best Plays Montage', 'My best moments from last month', 'https://video.ggzone.com/v2', 'https://images.unsplash.com/photo-1538481199705-c710c4e965fc', 480, 8765, 877, 46, 'highlight', TRUE, TIMESTAMP '2025-12-05 17:11:58.223333', TIMESTAMP '2025-12-05 17:11:58.223333');
INSERT INTO "Videos" ("Id", "UserId", "GameId", "Title", "Description", "VideoUrl", "ThumbnailUrl", "Duration", "ViewsCount", "LikesCount", "CommentsCount", "Category", "IsPublic", "CreatedAt", "UpdatedAt") VALUES ('cb33e2e0-d34b-430a-9aa2-ddc9c8d521e8', 'e2ffaeef-5187-4511-a7f3-174ce39ffc2a', 'ea468f6a-f9af-4a89-a29a-c69b89ab6721', 'How to Rank Up Fast in Valorant', 'Complete guide to climbing ranks', 'https://video.ggzone.com/v1', 'https://images.unsplash.com/photo-1542751371-adc38448a05e', 720, 15234, 1235, 90, 'tutorial', TRUE, TIMESTAMP '2025-12-05 17:11:58.223333', TIMESTAMP '2025-12-05 17:11:58.223333');
INSERT INTO "Videos" ("Id", "UserId", "GameId", "Title", "Description", "VideoUrl", "ThumbnailUrl", "Duration", "ViewsCount", "LikesCount", "CommentsCount", "Category", "IsPublic", "CreatedAt", "UpdatedAt") VALUES ('6782d169-b0e3-4e16-b026-f7c0af804833', '910e8f9b-6f94-4b0e-bf8f-cf1bcbba5552', NULL, '24-Hour Gaming Marathon', 'Streaming all day and night', 'https://video.ggzone.com/v7', 'https://images.unsplash.com/photo-1538481199705-c710c4e965fc', 86400, 56789, 5679, 457, 'stream', TRUE, TIMESTAMP '2025-12-05 17:11:58.223333', TIMESTAMP '2025-12-05 17:11:58.223333');

-- VideoComments: 29 rows
INSERT INTO "VideoComments" ("Id", "VideoId", "UserId", "Content", "LikesCount", "CreatedAt") VALUES ('6fd0a6b8-a966-4837-a2b4-09b4aab7978b', '0202380a-84d8-4c10-952c-cf736b298192', '8017107e-ecd0-4862-bc75-e6cf2bd9eab5', 'That 1v5 clutch was crazy', 10, TIMESTAMP '2025-12-05 17:11:58.240000');
INSERT INTO "VideoComments" ("Id", "VideoId", "UserId", "Content", "LikesCount", "CreatedAt") VALUES ('596eec01-8102-4c59-bebb-13002fa36cf6', 'c6d33863-e57c-4e7d-843a-4ab2be78e82a', 'e2ffaeef-5187-4511-a7f3-174ce39ffc2a', 'Learning so much!', 18, TIMESTAMP '2025-12-05 17:11:58.240000');
INSERT INTO "VideoComments" ("Id", "VideoId", "UserId", "Content", "LikesCount", "CreatedAt") VALUES ('c73e8211-a8bd-4592-9e3a-15025df44cdd', '6782d169-b0e3-4e16-b026-f7c0af804833', '8017107e-ecd0-4862-bc75-e6cf2bd9eab5', 'Crazy marathon!', 12, TIMESTAMP '2025-12-05 17:11:58.240000');
INSERT INTO "VideoComments" ("Id", "VideoId", "UserId", "Content", "LikesCount", "CreatedAt") VALUES ('506b93ba-8bfb-4c84-9db9-1555cb241a6c', '10e4d5b5-1130-4f09-8b26-b98f090fcbfb', '9642ed4d-193a-4472-b63f-55f0357e6336', 'Helped me understand the new patch', 8, TIMESTAMP '2025-12-05 17:11:58.240000');
INSERT INTO "VideoComments" ("Id", "VideoId", "UserId", "Content", "LikesCount", "CreatedAt") VALUES ('fb7404a3-f153-4513-a422-183d967fb181', 'cb33e2e0-d34b-430a-9aa2-ddc9c8d521e8', '9642ed4d-193a-4472-b63f-55f0357e6336', 'Super helpful! Thanks for sharing', 12, TIMESTAMP '2025-12-05 17:11:58.240000');
INSERT INTO "VideoComments" ("Id", "VideoId", "UserId", "Content", "LikesCount", "CreatedAt") VALUES ('4e9cdd6a-4b43-433d-82af-201d258f0cc1', '6782d169-b0e3-4e16-b026-f7c0af804833', '9642ed4d-193a-4472-b63f-55f0357e6336', 'Dedication!', 15, TIMESTAMP '2025-12-05 17:11:58.240000');
INSERT INTO "VideoComments" ("Id", "VideoId", "UserId", "Content", "LikesCount", "CreatedAt") VALUES ('9a57dae7-2d9a-496d-bb09-2c4bdf833c7e', '0202380a-84d8-4c10-952c-cf736b298192', 'b6233ea7-a2ff-49ae-8c3a-6b305e720f58', 'Sick plays!', 6, TIMESTAMP '2025-12-05 17:11:58.240000');
INSERT INTO "VideoComments" ("Id", "VideoId", "UserId", "Content", "LikesCount", "CreatedAt") VALUES ('22711ccc-c3dd-4cdd-b274-357f5c1417eb', 'a01af85c-10da-4cd5-925f-9246cc27b8d0', '9642ed4d-193a-4472-b63f-55f0357e6336', 'Love community content', 9, TIMESTAMP '2025-12-05 17:11:58.240000');
INSERT INTO "VideoComments" ("Id", "VideoId", "UserId", "Content", "LikesCount", "CreatedAt") VALUES ('4b24c429-a411-434a-a77e-43d018ceb9e7', 'd3da45d2-c734-45b8-ad08-608681379f67', '9642ed4d-193a-4472-b63f-55f0357e6336', 'Great beginner guide', 11, TIMESTAMP '2025-12-05 17:11:58.240000');
INSERT INTO "VideoComments" ("Id", "VideoId", "UserId", "Content", "LikesCount", "CreatedAt") VALUES ('e7da6705-4898-408f-b25d-48555fd59e7b', 'a01af85c-10da-4cd5-925f-9246cc27b8d0', 'b6233ea7-a2ff-49ae-8c3a-6b305e720f58', 'More please!', 6, TIMESTAMP '2025-12-05 17:11:58.240000');
INSERT INTO "VideoComments" ("Id", "VideoId", "UserId", "Content", "LikesCount", "CreatedAt") VALUES ('38dcf9ea-dc84-4d19-8d9b-4cc644669f9a', '6782d169-b0e3-4e16-b026-f7c0af804833', 'e2ffaeef-5187-4511-a7f3-174ce39ffc2a', 'Watched the whole thing!', 22, TIMESTAMP '2025-12-05 17:11:58.240000');
INSERT INTO "VideoComments" ("Id", "VideoId", "UserId", "Content", "LikesCount", "CreatedAt") VALUES ('82274b02-b14f-40e4-9fd6-724bd1271058', 'd3da45d2-c734-45b8-ad08-608681379f67', 'e2ffaeef-5187-4511-a7f3-174ce39ffc2a', 'Finally understand Dota!', 14, TIMESTAMP '2025-12-05 17:11:58.240000');
INSERT INTO "VideoComments" ("Id", "VideoId", "UserId", "Content", "LikesCount", "CreatedAt") VALUES ('fa256233-2031-4a23-827f-74ed3a727da1', 'a6be5200-541c-4b30-a8f5-55bcca41fc6c', '9642ed4d-193a-4472-b63f-55f0357e6336', 'Very informative', 10, TIMESTAMP '2025-12-05 17:11:58.240000');
INSERT INTO "VideoComments" ("Id", "VideoId", "UserId", "Content", "LikesCount", "CreatedAt") VALUES ('7b533018-bfbe-484e-9c91-839e19f61905', 'a01af85c-10da-4cd5-925f-9246cc27b8d0', 'e2ffaeef-5187-4511-a7f3-174ce39ffc2a', 'Great compilation!', 13, TIMESTAMP '2025-12-05 17:11:58.240000');
INSERT INTO "VideoComments" ("Id", "VideoId", "UserId", "Content", "LikesCount", "CreatedAt") VALUES ('daf2d0e5-fdb9-4c68-99f8-85fdc2fe9fd6', 'd3da45d2-c734-45b8-ad08-608681379f67', '8017107e-ecd0-4862-bc75-e6cf2bd9eab5', 'Subscribing for more!', 8, TIMESTAMP '2025-12-05 17:11:58.240000');
INSERT INTO "VideoComments" ("Id", "VideoId", "UserId", "Content", "LikesCount", "CreatedAt") VALUES ('b80834b9-53cc-48e7-a778-887611572678', '10e4d5b5-1130-4f09-8b26-b98f090fcbfb', 'b6233ea7-a2ff-49ae-8c3a-6b305e720f58', 'When is the next video coming?', 3, TIMESTAMP '2025-12-05 17:11:58.240000');
INSERT INTO "VideoComments" ("Id", "VideoId", "UserId", "Content", "LikesCount", "CreatedAt") VALUES ('7cbae3d8-b77b-44a6-8eec-997a9daf0c0b', 'a6be5200-541c-4b30-a8f5-55bcca41fc6c', 'b6233ea7-a2ff-49ae-8c3a-6b305e720f58', 'Thanks for the tips!', 7, TIMESTAMP '2025-12-05 17:11:58.240000');
INSERT INTO "VideoComments" ("Id", "VideoId", "UserId", "Content", "LikesCount", "CreatedAt") VALUES ('dd5d2b5a-6681-40e2-bced-9de3d9674544', '7d5e0337-0332-4561-8a16-437c8e009681', '9642ed4d-193a-4472-b63f-55f0357e6336', 'Did you get the record?', 12, TIMESTAMP '2025-12-05 17:11:58.240000');
INSERT INTO "VideoComments" ("Id", "VideoId", "UserId", "Content", "LikesCount", "CreatedAt") VALUES ('21900b84-98dc-4e93-be51-adc510a9069b', '10e4d5b5-1130-4f09-8b26-b98f090fcbfb', '0ff9ac64-3deb-450b-b332-aa7ae36fd398', 'Perfect breakdown!', 9, TIMESTAMP '2025-12-05 17:11:58.240000');
INSERT INTO "VideoComments" ("Id", "VideoId", "UserId", "Content", "LikesCount", "CreatedAt") VALUES ('f30896f0-2c7b-43b0-a753-baa55a56b82c', 'cb33e2e0-d34b-430a-9aa2-ddc9c8d521e8', '0ff9ac64-3deb-450b-b332-aa7ae36fd398', 'Best guide ever!', 7, TIMESTAMP '2025-12-05 17:11:58.240000');
INSERT INTO "VideoComments" ("Id", "VideoId", "UserId", "Content", "LikesCount", "CreatedAt") VALUES ('7aeacb2a-2404-42e2-beeb-d0a3f3fa6427', 'a6be5200-541c-4b30-a8f5-55bcca41fc6c', 'e2ffaeef-5187-4511-a7f3-174ce39ffc2a', 'Love your analysis', 16, TIMESTAMP '2025-12-05 17:11:58.240000');
INSERT INTO "VideoComments" ("Id", "VideoId", "UserId", "Content", "LikesCount", "CreatedAt") VALUES ('15496bde-0a95-4979-bbf2-d1403c490dcf', 'cb33e2e0-d34b-430a-9aa2-ddc9c8d521e8', 'b6233ea7-a2ff-49ae-8c3a-6b305e720f58', 'More content like this please!', 5, TIMESTAMP '2025-12-05 17:11:58.240000');
INSERT INTO "VideoComments" ("Id", "VideoId", "UserId", "Content", "LikesCount", "CreatedAt") VALUES ('00a2bdde-bd1e-4b81-9c98-e1552d999760', '7d5e0337-0332-4561-8a16-437c8e009681', 'e2ffaeef-5187-4511-a7f3-174ce39ffc2a', 'Insane speedrun!', 25, TIMESTAMP '2025-12-05 17:11:58.240000');
INSERT INTO "VideoComments" ("Id", "VideoId", "UserId", "Content", "LikesCount", "CreatedAt") VALUES ('3fbbb93d-0391-49d1-891e-e3230a98532a', '10e4d5b5-1130-4f09-8b26-b98f090fcbfb', 'e2ffaeef-5187-4511-a7f3-174ce39ffc2a', 'Great analysis as always', 20, TIMESTAMP '2025-12-05 17:11:58.240000');
INSERT INTO "VideoComments" ("Id", "VideoId", "UserId", "Content", "LikesCount", "CreatedAt") VALUES ('84c75977-b976-4511-8ee5-e3e217639b64', 'c6d33863-e57c-4e7d-843a-4ab2be78e82a', 'b6233ea7-a2ff-49ae-8c3a-6b305e720f58', 'Can''t wait for next episode', 11, TIMESTAMP '2025-12-05 17:11:58.240000');
INSERT INTO "VideoComments" ("Id", "VideoId", "UserId", "Content", "LikesCount", "CreatedAt") VALUES ('788159d1-a15a-4746-9dde-ece4a685b8ff', '0202380a-84d8-4c10-952c-cf736b298192', 'e2ffaeef-5187-4511-a7f3-174ce39ffc2a', 'Insane shots bro!', 15, TIMESTAMP '2025-12-05 17:11:58.240000');
INSERT INTO "VideoComments" ("Id", "VideoId", "UserId", "Content", "LikesCount", "CreatedAt") VALUES ('11fb4a3e-193c-4992-ac83-ed2cd689d291', 'c6d33863-e57c-4e7d-843a-4ab2be78e82a', '9642ed4d-193a-4472-b63f-55f0357e6336', 'Best tutorial series', 14, TIMESTAMP '2025-12-05 17:11:58.240000');
INSERT INTO "VideoComments" ("Id", "VideoId", "UserId", "Content", "LikesCount", "CreatedAt") VALUES ('54f5ec76-816c-45be-8e0f-f889feec7f60', 'cb33e2e0-d34b-430a-9aa2-ddc9c8d521e8', '8017107e-ecd0-4862-bc75-e6cf2bd9eab5', 'This actually works! Ranked up 2 tiers', 8, TIMESTAMP '2025-12-05 17:11:58.240000');
INSERT INTO "VideoComments" ("Id", "VideoId", "UserId", "Content", "LikesCount", "CreatedAt") VALUES ('26fab2e9-9f98-4a3c-a294-fcaf4e4a065b', '7d5e0337-0332-4561-8a16-437c8e009681', 'b6233ea7-a2ff-49ae-8c3a-6b305e720f58', 'Amazing performance!', 18, TIMESTAMP '2025-12-05 17:11:58.240000');

-- VideoLikes: 43 rows
INSERT INTO "VideoLikes" ("Id", "VideoId", "UserId", "CreatedAt") VALUES ('e7a14fc2-d741-4789-8f97-00240b6384d7', '7d5e0337-0332-4561-8a16-437c8e009681', 'b6233ea7-a2ff-49ae-8c3a-6b305e720f58', TIMESTAMP '2025-12-05 17:11:58.246666');
INSERT INTO "VideoLikes" ("Id", "VideoId", "UserId", "CreatedAt") VALUES ('6369c3b2-d866-44b7-98ba-045b50647d92', 'c6d33863-e57c-4e7d-843a-4ab2be78e82a', '9642ed4d-193a-4472-b63f-55f0357e6336', TIMESTAMP '2025-12-05 17:11:58.246666');
INSERT INTO "VideoLikes" ("Id", "VideoId", "UserId", "CreatedAt") VALUES ('a0145a2d-42e2-4cfe-906d-07fe0de38661', '0202380a-84d8-4c10-952c-cf736b298192', 'e2ffaeef-5187-4511-a7f3-174ce39ffc2a', TIMESTAMP '2025-12-05 17:11:58.246666');
INSERT INTO "VideoLikes" ("Id", "VideoId", "UserId", "CreatedAt") VALUES ('641bd56d-0de3-4dda-a5e8-08e685629d4a', '7d5e0337-0332-4561-8a16-437c8e009681', '7fea2a14-819d-43cb-b37c-23f3f6966ea5', TIMESTAMP '2025-12-05 17:11:58.246666');
INSERT INTO "VideoLikes" ("Id", "VideoId", "UserId", "CreatedAt") VALUES ('efc53afb-7cf2-486d-a702-0f0e586ffb73', '10e4d5b5-1130-4f09-8b26-b98f090fcbfb', '9642ed4d-193a-4472-b63f-55f0357e6336', TIMESTAMP '2025-12-05 17:11:58.246666');
INSERT INTO "VideoLikes" ("Id", "VideoId", "UserId", "CreatedAt") VALUES ('eb1a165b-f2f0-4487-b1b9-0f9ba907bf09', 'd3da45d2-c734-45b8-ad08-608681379f67', '8017107e-ecd0-4862-bc75-e6cf2bd9eab5', TIMESTAMP '2025-12-05 17:11:58.246666');
INSERT INTO "VideoLikes" ("Id", "VideoId", "UserId", "CreatedAt") VALUES ('a5cee144-2338-4fbf-b441-1d060ecae687', '6782d169-b0e3-4e16-b026-f7c0af804833', '8017107e-ecd0-4862-bc75-e6cf2bd9eab5', TIMESTAMP '2025-12-05 17:11:58.246666');
INSERT INTO "VideoLikes" ("Id", "VideoId", "UserId", "CreatedAt") VALUES ('2434c387-0736-4ac9-a2a9-21f975785d2a', '7d5e0337-0332-4561-8a16-437c8e009681', '6cce5b34-5f21-4aee-8335-80a65075324a', TIMESTAMP '2025-12-05 17:11:58.246666');
INSERT INTO "VideoLikes" ("Id", "VideoId", "UserId", "CreatedAt") VALUES ('6a22d62c-e340-4cfe-bcd1-239a8baee4fd', 'a6be5200-541c-4b30-a8f5-55bcca41fc6c', 'e2ffaeef-5187-4511-a7f3-174ce39ffc2a', TIMESTAMP '2025-12-05 17:11:58.246666');
INSERT INTO "VideoLikes" ("Id", "VideoId", "UserId", "CreatedAt") VALUES ('dd1b8b23-78de-4396-be01-26d2325cb0ff', 'c6d33863-e57c-4e7d-843a-4ab2be78e82a', 'e2ffaeef-5187-4511-a7f3-174ce39ffc2a', TIMESTAMP '2025-12-05 17:11:58.246666');
INSERT INTO "VideoLikes" ("Id", "VideoId", "UserId", "CreatedAt") VALUES ('4fb4ed00-24ea-4e3e-8f78-30bb44cda98e', '0202380a-84d8-4c10-952c-cf736b298192', 'b6233ea7-a2ff-49ae-8c3a-6b305e720f58', TIMESTAMP '2025-12-05 17:11:58.246666');
INSERT INTO "VideoLikes" ("Id", "VideoId", "UserId", "CreatedAt") VALUES ('ad166913-fa90-45e6-86ba-45557d0e3dcc', '0202380a-84d8-4c10-952c-cf736b298192', '6cce5b34-5f21-4aee-8335-80a65075324a', TIMESTAMP '2025-12-05 17:11:58.246666');
INSERT INTO "VideoLikes" ("Id", "VideoId", "UserId", "CreatedAt") VALUES ('73cddbc7-0ea6-4267-a8a4-48bff7971029', 'cb33e2e0-d34b-430a-9aa2-ddc9c8d521e8', 'b6233ea7-a2ff-49ae-8c3a-6b305e720f58', TIMESTAMP '2025-12-05 17:11:58.246666');
INSERT INTO "VideoLikes" ("Id", "VideoId", "UserId", "CreatedAt") VALUES ('5a6073ae-ea61-4214-a517-4a2139d4da91', '6782d169-b0e3-4e16-b026-f7c0af804833', '0ff9ac64-3deb-450b-b332-aa7ae36fd398', TIMESTAMP '2025-12-05 17:11:58.246666');
INSERT INTO "VideoLikes" ("Id", "VideoId", "UserId", "CreatedAt") VALUES ('58ded406-77b6-4e8e-8903-50e3f3490937', 'a01af85c-10da-4cd5-925f-9246cc27b8d0', '8017107e-ecd0-4862-bc75-e6cf2bd9eab5', TIMESTAMP '2025-12-05 17:11:58.246666');
INSERT INTO "VideoLikes" ("Id", "VideoId", "UserId", "CreatedAt") VALUES ('55ada592-744f-4646-ad31-529328714020', 'c6d33863-e57c-4e7d-843a-4ab2be78e82a', 'e72130fb-1619-4202-a79f-6604ade34f01', TIMESTAMP '2025-12-05 17:11:58.246666');
INSERT INTO "VideoLikes" ("Id", "VideoId", "UserId", "CreatedAt") VALUES ('37d34860-141a-422e-91c9-5b268e699e50', '10e4d5b5-1130-4f09-8b26-b98f090fcbfb', 'b6233ea7-a2ff-49ae-8c3a-6b305e720f58', TIMESTAMP '2025-12-05 17:11:58.246666');
INSERT INTO "VideoLikes" ("Id", "VideoId", "UserId", "CreatedAt") VALUES ('4c6482a0-85ae-4dba-bd6e-629d25cbf32d', 'a6be5200-541c-4b30-a8f5-55bcca41fc6c', '8017107e-ecd0-4862-bc75-e6cf2bd9eab5', TIMESTAMP '2025-12-05 17:11:58.246666');
INSERT INTO "VideoLikes" ("Id", "VideoId", "UserId", "CreatedAt") VALUES ('8f848893-ed81-461a-a541-62b3ed9c3c7e', '6782d169-b0e3-4e16-b026-f7c0af804833', 'e2ffaeef-5187-4511-a7f3-174ce39ffc2a', TIMESTAMP '2025-12-05 17:11:58.246666');
INSERT INTO "VideoLikes" ("Id", "VideoId", "UserId", "CreatedAt") VALUES ('54048cbc-4593-42ab-8bb7-6574361e77e1', 'cb33e2e0-d34b-430a-9aa2-ddc9c8d521e8', '9642ed4d-193a-4472-b63f-55f0357e6336', TIMESTAMP '2025-12-05 17:11:58.246666');
INSERT INTO "VideoLikes" ("Id", "VideoId", "UserId", "CreatedAt") VALUES ('66f485d6-ceb8-4393-b936-67abb349a674', 'cb33e2e0-d34b-430a-9aa2-ddc9c8d521e8', '0ff9ac64-3deb-450b-b332-aa7ae36fd398', TIMESTAMP '2025-12-05 17:11:58.246666');
INSERT INTO "VideoLikes" ("Id", "VideoId", "UserId", "CreatedAt") VALUES ('69f65724-f0a6-4de4-a2b7-6d7f6782dd85', '10e4d5b5-1130-4f09-8b26-b98f090fcbfb', 'e2ffaeef-5187-4511-a7f3-174ce39ffc2a', TIMESTAMP '2025-12-05 17:11:58.246666');
INSERT INTO "VideoLikes" ("Id", "VideoId", "UserId", "CreatedAt") VALUES ('7cc80e22-913d-4183-a603-845d717eb5c1', 'd3da45d2-c734-45b8-ad08-608681379f67', '0ff9ac64-3deb-450b-b332-aa7ae36fd398', TIMESTAMP '2025-12-05 17:11:58.246666');
INSERT INTO "VideoLikes" ("Id", "VideoId", "UserId", "CreatedAt") VALUES ('e29e1717-418b-41e4-b60b-89abe7e07614', '6782d169-b0e3-4e16-b026-f7c0af804833', '9642ed4d-193a-4472-b63f-55f0357e6336', TIMESTAMP '2025-12-05 17:11:58.246666');
INSERT INTO "VideoLikes" ("Id", "VideoId", "UserId", "CreatedAt") VALUES ('06da6c4a-cad8-444f-8158-8b3a93399f7a', '6782d169-b0e3-4e16-b026-f7c0af804833', 'b6233ea7-a2ff-49ae-8c3a-6b305e720f58', TIMESTAMP '2025-12-05 17:11:58.246666');
INSERT INTO "VideoLikes" ("Id", "VideoId", "UserId", "CreatedAt") VALUES ('7ab83e7d-8f8a-4f84-94bc-95b562000676', 'cb33e2e0-d34b-430a-9aa2-ddc9c8d521e8', 'bdd084bb-f5ab-4647-a07d-936aaac85808', TIMESTAMP '2025-12-05 17:11:58.246666');
INSERT INTO "VideoLikes" ("Id", "VideoId", "UserId", "CreatedAt") VALUES ('ac6d7b4c-49ee-4b09-810f-99486f83ad46', '10e4d5b5-1130-4f09-8b26-b98f090fcbfb', '0ff9ac64-3deb-450b-b332-aa7ae36fd398', TIMESTAMP '2025-12-05 17:11:58.246666');
INSERT INTO "VideoLikes" ("Id", "VideoId", "UserId", "CreatedAt") VALUES ('bc755a4d-cae3-42c9-92cf-9eedffc2ca8a', '7d5e0337-0332-4561-8a16-437c8e009681', 'e2ffaeef-5187-4511-a7f3-174ce39ffc2a', TIMESTAMP '2025-12-05 17:11:58.246666');
INSERT INTO "VideoLikes" ("Id", "VideoId", "UserId", "CreatedAt") VALUES ('5dd94041-fd05-4ee6-b4d6-a4072323810f', 'd3da45d2-c734-45b8-ad08-608681379f67', 'bdd084bb-f5ab-4647-a07d-936aaac85808', TIMESTAMP '2025-12-05 17:11:58.246666');
INSERT INTO "VideoLikes" ("Id", "VideoId", "UserId", "CreatedAt") VALUES ('08a6675c-70a6-459b-a997-a5ea36d41b88', 'd3da45d2-c734-45b8-ad08-608681379f67', 'e2ffaeef-5187-4511-a7f3-174ce39ffc2a', TIMESTAMP '2025-12-05 17:11:58.246666');
INSERT INTO "VideoLikes" ("Id", "VideoId", "UserId", "CreatedAt") VALUES ('47263497-2147-4692-be31-ad2d0c3d8cee', 'a6be5200-541c-4b30-a8f5-55bcca41fc6c', 'b6233ea7-a2ff-49ae-8c3a-6b305e720f58', TIMESTAMP '2025-12-05 17:11:58.246666');
INSERT INTO "VideoLikes" ("Id", "VideoId", "UserId", "CreatedAt") VALUES ('78b15d46-b89c-4592-921b-af9cd39a63c6', '0202380a-84d8-4c10-952c-cf736b298192', '910e8f9b-6f94-4b0e-bf8f-cf1bcbba5552', TIMESTAMP '2025-12-05 17:11:58.246666');
INSERT INTO "VideoLikes" ("Id", "VideoId", "UserId", "CreatedAt") VALUES ('d5a8a675-bdf7-4e82-a20a-b2d5fe289785', 'a6be5200-541c-4b30-a8f5-55bcca41fc6c', '910e8f9b-6f94-4b0e-bf8f-cf1bcbba5552', TIMESTAMP '2025-12-05 17:11:58.246666');
INSERT INTO "VideoLikes" ("Id", "VideoId", "UserId", "CreatedAt") VALUES ('c7774b3e-3a5a-4dd6-8086-da11c621d091', 'a01af85c-10da-4cd5-925f-9246cc27b8d0', 'b6233ea7-a2ff-49ae-8c3a-6b305e720f58', TIMESTAMP '2025-12-05 17:11:58.246666');
INSERT INTO "VideoLikes" ("Id", "VideoId", "UserId", "CreatedAt") VALUES ('f750b5e1-5519-4624-9c90-df066a3a59ea', '10e4d5b5-1130-4f09-8b26-b98f090fcbfb', '6aa29523-2037-48c9-a108-e2da2aa23da8', TIMESTAMP '2025-12-05 17:11:58.246666');
INSERT INTO "VideoLikes" ("Id", "VideoId", "UserId", "CreatedAt") VALUES ('7f3b668b-9dc8-4ef6-ac48-e4deb426e88a', 'a01af85c-10da-4cd5-925f-9246cc27b8d0', '9642ed4d-193a-4472-b63f-55f0357e6336', TIMESTAMP '2025-12-05 17:11:58.246666');
INSERT INTO "VideoLikes" ("Id", "VideoId", "UserId", "CreatedAt") VALUES ('1f0fa7a6-c881-41f5-8f5f-e4fc933ff4bd', 'cb33e2e0-d34b-430a-9aa2-ddc9c8d521e8', '8017107e-ecd0-4862-bc75-e6cf2bd9eab5', TIMESTAMP '2025-12-05 17:11:58.246666');
INSERT INTO "VideoLikes" ("Id", "VideoId", "UserId", "CreatedAt") VALUES ('73ac71cd-eb11-4366-9135-eb5fb3974740', 'a6be5200-541c-4b30-a8f5-55bcca41fc6c', '9642ed4d-193a-4472-b63f-55f0357e6336', TIMESTAMP '2025-12-05 17:11:58.246666');
INSERT INTO "VideoLikes" ("Id", "VideoId", "UserId", "CreatedAt") VALUES ('541b3095-6ba8-4f07-ac1b-ef27892a602c', '0202380a-84d8-4c10-952c-cf736b298192', '8017107e-ecd0-4862-bc75-e6cf2bd9eab5', TIMESTAMP '2025-12-05 17:11:58.246666');
INSERT INTO "VideoLikes" ("Id", "VideoId", "UserId", "CreatedAt") VALUES ('06f3c6ad-1df8-4354-aeda-efac293c84b0', '7d5e0337-0332-4561-8a16-437c8e009681', '9642ed4d-193a-4472-b63f-55f0357e6336', TIMESTAMP '2025-12-05 17:11:58.246666');
INSERT INTO "VideoLikes" ("Id", "VideoId", "UserId", "CreatedAt") VALUES ('c5ac26da-6afa-4d45-9ca4-f47e5ab86ad6', 'a01af85c-10da-4cd5-925f-9246cc27b8d0', 'e2ffaeef-5187-4511-a7f3-174ce39ffc2a', TIMESTAMP '2025-12-05 17:11:58.246666');
INSERT INTO "VideoLikes" ("Id", "VideoId", "UserId", "CreatedAt") VALUES ('2bffd97a-d828-494d-8ed0-f779978ac1d6', 'c6d33863-e57c-4e7d-843a-4ab2be78e82a', 'b6233ea7-a2ff-49ae-8c3a-6b305e720f58', TIMESTAMP '2025-12-05 17:11:58.246666');
INSERT INTO "VideoLikes" ("Id", "VideoId", "UserId", "CreatedAt") VALUES ('715e9d56-cd0e-48b2-ac18-fadcd0061b6e', 'd3da45d2-c734-45b8-ad08-608681379f67', '9642ed4d-193a-4472-b63f-55f0357e6336', TIMESTAMP '2025-12-05 17:11:58.246666');

COMMIT;
